Client,Count_CA,Count_SA,Count_MF,Count_OVD,Count_CC,Count_CL,ActBal_CA,ActBal_SA,ActBal_MF,ActBal_OVD,ActBal_CC,ActBal_CL
1,1,,,1,,,1333.8028571429,,,0,,
2,1,1,,,,,110.7685714286,13326.1903571429,,,,
3,1,,1,,,,482.6546428571,,107.2517857143,,,
4,1,1,,,1,,1599.8407142857,76.4371428571,,,1110.3817857143,
5,1,1,,,,,5353.4839285714,8079.7157142857,,,,
6,1,,,,,1,4.2971428571,,,,,1982.0710714286
7,1,,,,,,879.685,,,,,
8,1,,,1,,,0,,,326.9692857143,,
9,1,,,1,,,510.1664285714,,,0,,
10,1,1,,,,,253.4589285714,116.7092857143,,,,
11,1,1,,,,,709.9025,5.5903571429,,,,
12,1,,,,,,1075.475,,,,,
13,1,1,,,,1,353.8396428571,5.8325,,,,3458.2957142857
14,1,1,2,,1,1,23.3446428571,403.6592857143,13184.9225,,53.1321428571,17062.3242857143
15,1,,,,,,1.5453571429,,,,,
16,1,1,2,,,,10015.9246428571,31.6585714286,68246.335,,,
17,1,,,,,,338.7764285714,,,,,
18,1,,,,1,,935.9632142857,,,,1016.2925,
19,1,1,,,,,26118.0985714286,71661.5928571429,,,,
20,1,1,,,,,2194.4721428572,18302.0625,,,,
21,1,1,,,,,434.7425,173499.862857143,,,,
22,1,,,,,,2492.1467857143,,,,,
23,1,2,4,1,,,22.9671428571,25325.4378571429,868.7035714286,333.4007142857,,
24,1,,,,,,227.3110714286,,,,,
25,1,,,,,,79.3810714286,,,,,
26,1,,1,1,,,1868.2342857143,,61064.2857142857,0,,
27,1,,,1,,,1649.98,,,0,,
28,1,,,,,,14.6067857143,,,,,
29,1,,,1,,,373.3542857143,,,0,,
30,1,1,2,1,1,,162.4825,0.3239285714,0,510.7796428571,26.3835714286,
31,1,,,,1,1,2336.8507142857,,,,613.6017857143,679.5007142857
32,2,,,1,,1,12295.2585714286,,,0,,14708.5714285714
33,1,,,,,,18635.5753571429,,,,,
34,1,1,3,1,1,,188.6085714286,1343.2589285714,0,0,728.6689285714,
35,1,,,1,,,14.8632142857,,,0,,
36,1,1,2,,,,60.9978571429,1912.6325,3697.8375,,,
37,1,1,,,,,19.0135714286,3850.1732142857,,,,
38,1,1,,,,,6398.1121428572,7908.8832142857,,,,
39,1,,,,,1,1548.2375,,,,,286.7235714286
40,1,,,,,,871.7367857143,,,,,
41,1,,,1,,,194.9557142857,,,1373.3428571429,,
42,1,,12,,,,875.3714285714,,0,,,
43,1,,,1,,,26315.7703571429,,,0,,
44,1,,,,,,186.8460714286,,,,,
45,1,1,,,,,0,38757.8946428571,,,,
46,1,1,1,,,,503.9935714286,3628.3885714286,1891.0521428572,,,
47,1,1,5,,,,622.2275,1537.0542857143,0,,,
48,1,,5,1,,,2418.3175,,59721.7592857143,0,,
49,2,,,,,,4.1453571429,,,,,
50,1,,,,,,169.5635714286,,,,,
51,1,1,,1,,,1856.7185714286,5.8960714286,,0,,
52,1,,,,1,,960.5725,,,,0.4642857143,
53,1,1,9,1,1,,0,7522.6664285714,83343.1978571429,531.1228571429,398.3478571429,
54,1,,,,,1,4.55,,,,,7857.1428571429
55,1,,,,,,735.1589285714,,,,,
56,1,1,,,,,583.7142857143,2907.0942857143,,,,
57,1,,,,,,1155.26,,,,,
58,1,,6,,,,1263.0528571429,,1793.9,,,
59,1,,,,,,5676.2464285714,,,,,
60,1,,,,,,3891.1160714286,,,,,
61,1,,,,,,232.8353571429,,,,,
62,1,,,,,,317.9525,,,,,
63,1,1,2,,,,351.8014285714,17220.4528571429,5616.1978571429,,,
64,1,,,1,,,0.7596428571,,,0,,
65,1,,,,,,220.4589285714,,,,,
66,1,1,1,,1,,101.3239285714,4104.8489285714,0,,671.9992857143,
67,1,,,,,,1682.8132142857,,,,,
68,1,,,1,,,4714.4482142857,,,0,,
69,1,,,,,,1909.81,,,,,
70,1,,,,,,346.4853571429,,,,,
71,1,,,1,,,53.5960714286,,,0,,
72,1,,,,,,1377.3742857143,,,,,
73,1,1,1,1,,,179.3571428571,21.0160714286,53571.4285714286,0,,
74,1,1,,,1,,736.7660714286,0,,,18.7621428571,
75,1,1,35,,,,3707.0657142857,5589.0225,4392.4785714286,,,
76,1,,,1,1,1,178.3085714286,,,0,886.5778571429,3447.6735714286
77,1,,,,,,168.1757142857,,,,,
78,1,,,,,,3684.7542857143,,,,,
79,1,2,1,,,,340.195,901.5539285714,4771.7310714286,,,
80,1,,,,,,2756.8267857143,,,,,
81,1,,,,,,5860.1907142857,,,,,
82,1,,1,,,,11324.9078571429,,34612.7903571429,,,
83,1,3,7,,,,14.855,90800.8821428572,0,,,
84,2,,,,,,0,,,,,
85,1,,,1,,,364.4975,,,0,,
86,1,,,,,,34.3221428571,,,,,
87,1,,19,,,,826.4403571429,,1035.5771428572,,,
88,1,,,,,,7153.65,,,,,
89,1,1,2,,,,137.7014285714,893.1703571429,1462.0660714286,,,
90,1,,,,,,649.5714285714,,,,,
91,1,,,,,,0,,,,,
92,1,,,,,,2728.9457142857,,,,,
93,1,2,,1,1,,8.8703571429,3655.8189285714,,23.0642857143,1.4285714286,
94,1,1,,,,,8079.0425,7620.5560714286,,,,
95,1,,,1,,1,3662.2178571429,,,0,,2812.0667857143
96,1,1,2,,,,22.3285714286,2077.6125,14285.7142857143,,,
97,1,1,,1,,1,67.9925,6082.56,,142.0660714286,,809.465
98,1,,,1,,,468.4696428571,,,0,,
99,1,,12,,,,22.8985714286,,4689.0703571429,,,
100,1,,,,1,1,0,,,,247.4932142857,802.8071428571
101,1,1,2,,,,473.3592857143,452.2821428571,14429.0514285714,,,
102,1,,,1,,,48.7710714286,,,114.14,,
103,1,,,,,,42.9907142857,,,,,
104,1,1,1,,,,501.29,41481.5078571429,0,,,
105,1,,,,,,670.2957142857,,,,,
106,1,,3,,,,112.35,,0,,,
107,1,,,,,,23.3307142857,,,,,
108,1,2,,1,,,816.8389285714,0,,0,,
109,1,,,,,,1113.5185714286,,,,,
110,1,1,1,,,,62.4703571429,1146.4957142857,0,,,
111,1,,,1,,,0,,,31.5575,,
112,1,,,,,,204.4614285714,,,,,
113,1,,,1,,1,50.7807142857,,,0,,17300.4896428571
114,1,,,,1,,35.7142857143,,,,1068.2096428572,
115,1,,,,,,415.8978571429,,,,,
116,1,,,,,,637.8357142857,,,,,
117,4,,,1,,,0,,,0,,
118,1,1,2,,,,1184.9382142857,5876.2814285714,23214.2857142857,,,
119,1,1,3,,,,194.9589285714,3573.1132142857,8287.8875,,,
120,1,2,,,,,156.8175,4.5485714286,,,,
121,1,1,1,1,1,,37.8214285714,541.4121428571,329.6078571429,98.1407142857,2.3571428571,
122,1,,,,,,1392.7667857143,,,,,
123,2,,,,,,8883.9682142857,,,,,
124,1,,,1,,,120.495,,,0,,
125,1,,,1,1,,0,,,0,108.1207142857,
126,1,,,1,,,70.7996428571,,,0,,
127,1,,,1,,,2893.1128571429,,,676.7528571429,,
128,1,,,1,,,31.2928571429,,,0,,
129,1,,,,,,1103.6585714286,,,,,
130,1,,,1,,,12.7503571429,,,681.5203571429,,
131,1,,,,,,898.485,,,,,
132,1,1,,,,,79.4185714286,1259.155,,,,
133,1,,,,,,140.6675,,,,,
134,1,,,,,1,2809.1978571429,,,,,7237.2153571429
135,1,,,,,,184.1060714286,,,,,
136,1,,,,,,564.9810714286,,,,,
137,3,,1,,,,185.7221428571,,0,,,
138,1,,,,,,114.5914285714,,,,,
139,1,,,1,1,,1653.9632142857,,,0,940.5742857143,
140,1,,,1,,,7337.8217857143,,,0,,
141,1,1,4,,,,36.6017857143,4264.655,0,,,
142,1,,,,,,1511.6839285714,,,,,
143,1,,,,1,,0,,,,853.2671428571,
144,1,,,,,,1214.7921428572,,,,,
145,1,1,,,,,78.5246428571,57205.4710714286,,,,
146,1,,,,,,0.2582142857,,,,,
147,1,,,,,,125.5625,,,,,
148,1,,3,,,,132.0985714286,,5560.7142857143,,,
149,1,,,,,,574.6835714286,,,,,
150,1,,,1,,,11.5942857143,,,0,,
151,1,1,,,,,3053.7539285714,42257.0017857143,,,,
152,1,,,1,,,4230.1664285714,,,0,,
153,1,1,,1,,,936.1510714286,2514.2160714286,,0,,
154,1,,,,,,785.9264285714,,,,,
155,1,,,,,,0,,,,,
156,1,1,1,,,,417.8764285714,6458.9792857143,9760.0053571429,,,
157,1,,,,,,3970.2717857143,,,,,
158,1,1,,,,,326.6303571429,16117.8971428571,,,,
159,1,,,,,,1577.5682142857,,,,,
160,1,,,,,,3314.2796428572,,,,,
161,1,1,2,,,,154.9292857143,86.9753571429,32280.2139285714,,,
162,1,,,,,,1.9646428571,,,,,
163,1,1,2,,,,1304.8296428572,3096.0871428572,1687.6003571429,,,
164,1,1,9,,,,2690.4603571429,2579.9832142857,2851.1207142857,,,
165,1,,,,,,17.8685714286,,,,,
166,1,,,1,,1,15.7971428571,,,754.9014285714,,2216.4814285714
167,1,,,,,,3446.8114285714,,,,,
168,1,1,,1,,,71.4285714286,17921.3092857143,,0,,
169,1,,,,,,1106.4257142857,,,,,
170,1,,,,,,0,,,,,
171,1,,,,,,4112.7328571429,,,,,
172,1,3,,,1,,0.0414285714,4191.2742857143,,,28.9714285714,
173,1,,,,,,3913.7982142857,,,,,
174,1,,,1,,1,70.7692857143,,,532.6325,,14233.6360714286
175,1,,,,,2,0.0707142857,,,,,20749.2946428571
176,1,,,,,,343.9407142857,,,,,
177,1,,,,,,3515.7771428572,,,,,
178,1,1,,,,,86.6103571429,0.1103571429,,,,
179,1,,,,,,11.6846428571,,,,,
180,1,,,,,,902.4875,,,,,
181,1,1,,,,,549.2064285714,36.6132142857,,,,
182,1,,,,,,443.9885714286,,,,,
183,1,,,,,,4726.6207142857,,,,,
184,1,,,,,,160.9032142857,,,,,
185,1,,,,,,5733.3282142857,,,,,
186,1,,,1,,1,981.5882142857,,,0,,8742.6903571429
187,1,1,25,,,,923.9675,456.4010714286,0,,,
188,1,,,1,,,748.6853571429,,,0,,
189,2,,,,,1,18245.9132142857,,,,,6001.4167857143
190,1,1,,1,,,3732.89,6177.3296428572,,157.9267857143,,
191,1,,,,,,1047.5860714286,,,,,
192,1,2,4,,,,5.2953571429,12783.565,367.8571428571,,,
193,1,1,,,,,142.9532142857,106.1528571429,,,,
194,1,,,,,,239.0639285714,,,,,
195,1,,,,,,5826.9814285714,,,,,
196,1,1,,,,,56.3960714286,0.0457142857,,,,
197,1,1,4,,,,686.3078571429,191591.189642857,0,,,
198,1,,3,,,,3991.9914285714,,0,,,
199,1,,,,,1,151.8246428571,,,,,4461.2364285714
200,2,,2,,1,,0,,0,,476.7142857143,
201,2,,,,,,5112.8564285714,,,,,
202,1,,,1,1,,42.9514285714,,,0,254.9896428571,
203,1,,,,,,10.7728571429,,,,,
204,1,,,,,,0.6821428571,,,,,
205,1,,,1,,,3234.5032142857,,,29.3760714286,,
206,1,1,,,,,11335.0707142857,22893.8228571429,,,,
207,1,,,,,,176.6514285714,,,,,
208,1,,,,,,1.04,,,,,
209,1,,,,,,6833.3828571429,,,,,
210,1,1,7,1,1,1,60226.1417857143,2501.6967857143,0,0,494.0885714286,1193.5246428572
211,1,1,15,1,,,6047.5882142857,1610.6814285714,303.2432142857,272.9392857143,,
212,1,,,1,,,226.8142857143,,,386.6507142857,,
213,1,,,,,,2462.1217857143,,,,,
214,1,,,1,1,,565.8,,,0,3522.2335714286,
215,1,,,,,,12891.6267857143,,,,,
216,1,,,1,,,192.0907142857,,,246.5178571429,,
217,1,1,,,,,8134.3614285714,0,,,,
218,1,,,1,,1,121.6953571429,,,0,,1280.5314285714
219,1,1,27,,,,1400.1689285714,389883.830714286,15095.6492857143,,,
220,1,,,1,,1,252.3603571429,,,0,,293.5996428571
221,1,,,,1,,1442.2846428572,,,,0,
222,1,,,,,,0,,,,,
223,1,,,,,,1899.3332142857,,,,,
224,1,,1,,,,215.4725,,0,,,
225,1,,,1,,,345.6860714286,,,618.3975,,
226,1,,,,,,15718.9778571429,,,,,
227,1,1,8,,,,4710.7196428572,7194.8810714286,0,,,
228,1,1,,,,,10138.79,1.1092857143,,,,
229,2,,,,,,264.9557142857,,,,,
230,1,,,1,,,74934.9560714286,,,0,,
231,2,,,1,,,113.7810714286,,,0,,
232,1,,,,,,33.3542857143,,,,,
233,1,,,,,,15.9821428571,,,,,
234,1,,,1,,,856.3446428571,,,418.7875,,
235,1,,,,,1,253.8321428571,,,,,1685.725
236,1,,,,,,561.1032142857,,,,,
237,1,,,,,,125.0178571429,,,,,
238,1,,,,,,563.4078571429,,,,,
239,1,1,10,,,,0,2.9442857143,227237.104285714,,,
240,1,,1,,,,299.4692857143,,6123.7132142857,,,
241,1,,,,,,170.8567857143,,,,,
242,1,,,,,,708.8621428571,,,,,
243,1,1,11,,,,534.6296428571,83283.0082142857,0,,,
244,1,,,,,,5.6428571429,,,,,
245,1,,,,,,284.3885714286,,,,,
246,2,,,,,1,2588.3489285714,,,,,229.3585714286
247,1,1,,,1,,689.3110714286,351.8667857143,,,0,
248,1,,,,,,776.5903571429,,,,,
249,1,1,,,,,42.9953571429,1733.5775,,,,
250,1,,,,,,536.9514285714,,,,,
251,1,1,,,,,0,6432.6,,,,
252,1,1,,,,,130.7335714286,8247.8582142857,,,,
253,1,,,1,1,,64.6896428571,,,0,779.2857142857,
254,1,,,1,,,1049.0621428572,,,0,,
255,2,,,,,,0.2075,,,,,
256,1,,,1,,,572.1632142857,,,0,,
257,1,,,,,1,265.5046428571,,,,,9723.5232142857
258,1,,,,,,0,,,,,
259,1,1,10,,,,3260.1164285714,15882.9460714286,7542.775,,,
260,1,,,,,,1927.5210714286,,,,,
261,1,,,,,,194.695,,,,,
262,1,,,,,,2614.3335714286,,,,,
263,1,,,,,,40.8128571429,,,,,
264,1,,,,,,4483.5171428572,,,,,
265,1,,,,,,17.7957142857,,,,,
266,1,,,,,,1033.0778571429,,,,,
267,1,,,,,,0,,,,,
268,1,,11,,,,9317.0717857143,,35232.2953571429,,,
269,1,1,,1,,,611.0925,11325.1317857143,,984.7853571429,,
270,1,,,,,,101.3267857143,,,,,
271,1,2,1,,,,0.0014285714,3822.7417857143,4394.6707142857,,,
272,1,,,,,,716.3985714286,,,,,
273,1,,,,,,755.7260714286,,,,,
274,1,,,,,,30.4442857143,,,,,
275,1,,,,,,5221.4257142857,,,,,
276,1,,9,,,,18.9882142857,,66108.2521428572,,,
277,1,,,1,,,423.3692857143,,,0,,
278,2,,,,,,272.3232142857,,,,,
279,3,,,1,,,937.21,,,0,,
280,1,,,,,,0,,,,,
281,1,,1,,,,355.7167857143,,26801.155,,,
282,1,1,,1,,,750.2471428571,6746.3125,,0,,
283,1,,,,,,571.7292857143,,,,,
284,1,,,,,,2505.5635714286,,,,,
285,1,,,,,,89.4457142857,,,,,
286,1,,2,,,,22.4382142857,,7512.6953571429,,,
287,1,,,,,,1681.3917857143,,,,,
288,1,,,,,,3661.9582142857,,,,,
289,1,1,2,1,,,152.8221428571,6597.335,0,0,,
290,1,,,,,,132.9814285714,,,,,
291,2,,,,,,805.28,,,,,
292,1,,,,,,1602.5182142857,,,,,
293,1,,,,,,183.7814285714,,,,,
294,1,1,13,,,,13.1817857143,18834.435,0,,,
295,2,,,,,,2414.4882142857,,,,,
296,1,,,,,,281.0967857143,,,,,
297,1,,,1,,,906.7657142857,,,0,,
298,1,2,3,1,1,,18.7396428571,71.7321428571,0,0,0,
299,1,,8,,,,136.6928571429,,0,,,
300,1,,,,,,0,,,,,
301,1,,,,1,,1231.4421428572,,,,506.2821428571,
302,1,1,1,,,,86.5296428571,24364.765,0,,,
303,3,,,1,1,,3032.8325,,,277.9878571429,251.9357142857,
304,1,,,,,1,1354.99,,,,,7570.7839285714
305,1,,,,,,234.4646428571,,,,,
306,1,1,,,,,224.4542857143,901.3535714286,,,,
307,1,2,3,,,,1019.4682142857,9017.0096428572,11980.3785714286,,,
308,1,,,,,,286.4214285714,,,,,
309,1,,,,,,3116.8592857143,,,,,
310,1,,,,,,0,,,,,
311,1,,3,,,,5780.1839285714,,22495.4117857143,,,
312,2,,,1,,,306.6557142857,,,0,,
313,2,,,1,,,0,,,0,,
314,1,1,4,,,,3948.0425,3.3103571429,714285.714285714,,,
315,1,,,,,,120.7371428571,,,,,
316,1,,,,,,22.7335714286,,,,,
317,1,,,,,,6.3739285714,,,,,
318,1,,,,,,5254.2253571429,,,,,
319,2,1,1,1,,,6808.3135714286,29032.5496428571,696.8657142857,136.0403571429,,
320,1,,,,,,86.4285714286,,,,,
321,1,1,,1,,,166.755,2691.2667857143,,0,,
322,1,1,,,,,2175.27,128617.591071429,,,,
323,1,,,,,,3743.7764285714,,,,,
324,1,,1,,,,11581.9482142857,,202941.608928571,,,
325,1,,,,,2,38.9017857143,,,,,5285.6321428572
326,1,,1,,,,30.425,,0,,,
327,1,2,,1,,,5811.8185714286,1796.83,,0,,
328,1,,,,,,2.415,,,,,
329,1,1,,,,,0,7837.5992857143,,,,
330,1,,1,,,,380.0489285714,,0,,,
331,1,,,,,,0,,,,,
332,1,,,,,,80.3285714286,,,,,
333,1,,,,,,97.4310714286,,,,,
334,1,,,,,,23516.1714285714,,,,,
335,1,,,,,,157.9239285714,,,,,
336,1,1,,1,1,,28.7925,989.6375,,0,531.7671428571,
337,1,1,,1,,,188.9532142857,3591.7307142857,,874.18,,
338,1,,,,,,1889.4114285714,,,,,
339,1,,,,,,490.9314285714,,,,,
340,1,1,,,,,2380.0457142857,50040.8917857143,,,,
341,1,,,,,,1724.3478571429,,,,,
342,1,,5,,,1,5435.9007142857,,9499.5714285714,,,14516.5242857143
343,1,,,1,,,3723.5821428572,,,0,,
344,1,1,,1,,,2275.5053571429,41899.2910714286,,0,,
345,1,,,1,,,11166.4460714286,,,0,,
346,1,,,1,,,248.7714285714,,,468.0807142857,,
347,1,,,,,,6444.0107142857,,,,,
348,1,1,,1,,1,1054.365,12127.5896428571,,0,,6622.2003571429
349,2,2,,,,,247.4267857143,0.0917857143,,,,
350,1,,,1,,,0,,,0,,
351,1,1,,,,,4783.9253571429,5770.6292857143,,,,
352,1,1,,,,,1833.3382142857,219368.646428571,,,,
353,1,1,1,,,,985.76,1437.1467857143,39006.6,,,
354,1,1,1,,,,371.3732142857,27122.0857142857,0,,,
355,1,,,,,,174.485,,,,,
356,1,,,,,,325.75,,,,,
357,1,,,,,,296.3975,,,,,
358,1,,,,,,0.2425,,,,,
359,1,1,,1,,,491.9621428571,10719.3778571429,,0,,
360,4,1,,,,,5871.2321428572,18085.4882142857,,,,
361,1,1,1,,,,1642.2603571429,1586.6567857143,1714.2857142857,,,
362,3,1,,1,,,677.8960714286,3436.7785714286,,0,,
363,1,,,,,,7169.0071428572,,,,,
364,1,,,,,,618.7103571429,,,,,
365,1,,,,,,2664.7432142857,,,,,
366,1,,,1,,,564.0332142857,,,0,,
367,1,,,,,,679.6328571429,,,,,
368,1,,,,,,17.9185714286,,,,,
369,1,,,,,1,383.2585714286,,,,,1001.63
370,1,,,,,,368.9910714286,,,,,
371,1,,,1,,,201.3167857143,,,65.4925,,
372,1,2,,,,,21493.7196428571,6884.0117857143,,,,
373,1,,,,,,0,,,,,
374,1,,,1,,,789.4517857143,,,0,,
375,1,,,1,,,878.4867857143,,,0,,
376,1,,,1,1,,140.06,,,0,617.6560714286,
377,1,,,,,,611.6046428571,,,,,
378,1,1,,1,,,3677.9396428572,16080.9039285714,,0,,
379,1,1,6,,,,7.8696428571,606.1792857143,23214.2857142857,,,
380,1,,,,,,2804.5292857143,,,,,
381,1,,,,,,10.5282142857,,,,,
382,1,1,,,,,90.27,46085.245,,,,
383,1,,,1,,2,695.5,,,40.2571428571,,353.0857142857
384,1,,,,,,2418.8767857143,,,,,
385,1,3,2,1,,,2717.8667857143,48214.3339285714,8922.4892857143,0,,
386,1,1,,,,,7070.9253571429,10.7417857143,,,,
387,1,,1,,,,486.9907142857,,4454.2285714286,,,
388,1,,,,1,,357.1428571429,,,,0.7142857143,
389,1,1,28,,,,25.2175,100639.681071429,0,,,
390,1,1,79,,,,442.3460714286,0.3957142857,5468.8653571429,,,
391,1,,,,1,1,172.5814285714,,,,0.7142857143,4592.3364285714
392,1,1,1,,1,,3365.3417857143,10933.0732142857,0,,520.5289285714,
393,1,,,,,,208.6057142857,,,,,
394,1,,,1,,1,3770.3603571429,,,0,,2557.0525
395,1,,,1,,,102.7571428571,,,0,,
396,1,,,,,,5669.9839285714,,,,,
397,1,,,,,,565.1235714286,,,,,
398,2,1,,,,,3692.9667857143,23.5992857143,,,,
399,1,,,,,,451.7967857143,,,,,
400,1,,,,,,402.3185714286,,,,,
401,1,,,,1,,1439.3242857143,,,,523.3464285714,
402,1,,,,,,3358.4678571429,,,,,
403,1,,,,,,1705.675,,,,,
404,1,,,,,,60.0517857143,,,,,
405,1,,,1,1,,265.5810714286,,,0,0.7142857143,
406,1,,,,,,3481.3732142857,,,,,
407,1,,,,,,5215.2696428572,,,,,
408,1,1,,1,,,4133.4021428572,0.0017857143,,0,,
409,1,,,1,,,348.4028571429,,,0,,
410,1,1,1,,,,156.8464285714,6231.4414285714,10837.7521428571,,,
411,1,,4,,1,1,37207.9742857143,,0,,2.3571428571,6852.9410714286
412,1,1,,,,,376.8910714286,2506.5510714286,,,,
413,1,2,3,1,1,,1668.3721428572,20631.6846428571,0,0,2.3571428571,
414,1,2,14,,,,281.4935714286,714.1492857143,10218.1439285714,,,
415,1,,,,,,1188.3842857143,,,,,
416,1,,,,,,906.5260714286,,,,,
417,1,,,1,,,621.9010714286,,,243.4,,
418,1,,,,,,435.6671428571,,,,,
419,1,,,1,,,352.7821428571,,,0,,
420,1,1,1,,,,0,57822.7571428571,0,,,
421,1,,,,,1,7074.0692857143,,,,,4850.0171428572
422,1,1,1,,,,502.4460714286,92.5060714286,0,,,
423,1,,,,,,13.65,,,,,
424,1,1,1,,,,17234.8921428571,18231.785,1964.6957142857,,,
425,1,,,,,,1313.5132142857,,,,,
426,1,,,,,,515.7646428571,,,,,
427,1,,,,,,1194.0639285714,,,,,
428,2,,,,,,3779.6132142857,,,,,
429,1,,1,,,1,1721.3514285714,,0,,,901.5175
430,1,,,,,,2.4471428571,,,,,
431,1,,,,,,38.5510714286,,,,,
432,1,1,1,1,,,11.1421428571,1325.1767857143,0,284.9132142857,,
433,2,,,,,,114.6428571429,,,,,
434,1,,,,,,2469.8428571429,,,,,
435,1,,,,,,0,,,,,
436,1,,,,,,40.6007142857,,,,,
437,1,,,,,,3.4275,,,,,
438,1,,,,,,8206.7671428572,,,,,
439,1,,,,,,26.425,,,,,
440,2,,,,,,6129.0289285714,,,,,
441,1,,,,,,0.57,,,,,
442,1,,,1,,,1083.0153571429,,,92.625,,
443,1,,,,,2,0,,,,,1038.6967857143
444,1,,,,,1,494.055,,,,,608.9953571429
445,1,,2,,,,2.5639285714,,0,,,
446,1,,,,,,13956.805,,,,,
447,1,,,,,,2418.475,,,,,
448,1,1,5,1,,,39.7510714286,0.0135714286,2989.4539285714,0,,
449,1,,,1,,,16109.6285714286,,,0,,
450,1,,,,,,2.8578571429,,,,,
451,1,,7,,1,,6.6992857143,,538.1303571429,,13.0714285714,
452,2,,,,,,4474.5921428572,,,,,
453,1,1,3,,,,605.08,26022.2746428571,1825.0935714286,,,
454,1,,,,,,0,,,,,
455,1,2,,,1,,33553.8475,1073.4035714286,,,530.3564285714,
456,1,,4,,,,0,,86589.7710714286,,,
457,1,,,1,,,427.5753571429,,,0,,
458,1,,,,,,1744.0264285714,,,,,
459,1,,,,,,8.9978571429,,,,,
460,1,,4,,,,275.7164285714,,0,,,
461,1,1,,,,,6.5378571429,6128.2278571429,,,,
462,1,,,1,,,570.3421428571,,,104.0114285714,,
463,1,,,1,,,182.7582142857,,,0,,
464,2,,,1,,,2249.0496428572,,,237.2971428571,,
465,1,,,,1,,1.7085714286,,,,1.1785714286,
466,1,1,,,,,178.5714285714,2771.0985714286,,,,
467,1,,,,,,355.5842857143,,,,,
468,1,1,3,,,,20.955,745.5110714286,0,,,
469,1,,,,,,4415.6460714286,,,,,
470,1,,,,,,20.6075,,,,,
471,1,,,,,,1923.2803571429,,,,,
472,1,,,,,,12095.0310714286,,,,,
473,1,,,1,,1,6325.9025,,,0,,0
474,1,,,1,,,37.0753571429,,,0,,
475,1,1,1,,,,9428.9478571429,3586.7517857143,0,,,
476,1,,1,1,,,1715.8757142857,,0,0,,
477,2,2,,,,,5419.34,7352.9967857143,,,,
478,1,,,1,,,33573.1517857143,,,0,,
479,1,1,1,1,1,,74.8078571429,4352.0678571429,0,0,627.8571428571,
480,1,,,,,,869.8032142857,,,,,
481,1,1,,,1,,68.4235714286,253.7392857143,,,0,
482,1,,,,,,22.4178571429,,,,,
483,1,,4,1,,,1345.2339285714,,0,8.8689285714,,
484,1,,,,,,214.9560714286,,,,,
485,1,,,,,,1748.5053571429,,,,,
486,2,,,,,,1815.5228571429,,,,,
487,1,,,1,,1,3843.1464285714,,,42.2514285714,,3540.2189285714
488,1,2,,1,,,21.2542857143,5247.9703571429,,0,,
489,1,1,,,,,5021.9982142857,12591.4857142857,,,,
490,1,,,,,,806.4596428571,,,,,
491,1,,,1,1,2,185.9032142857,,,0,0,9115.1128571429
492,1,,,,1,,8846.8257142857,,,,0.4642857143,
493,1,,,,,,2161.5532142857,,,,,
494,1,,,,,1,715.6910714286,,,,,3571.4285714286
495,1,,5,,1,,8.5403571429,,6667.9764285714,,641.5753571429,
496,1,,,,,,0,,,,,
497,1,,,,,,930.3110714286,,,,,
498,1,,,,,,883.9760714286,,,,,
499,1,,,1,,,949.6864285714,,,97.9110714286,,
500,3,1,3,,,,1180.6592857143,10940.4303571429,35627.7096428571,,,
501,1,2,1,,,,460.5771428571,5136.2960714286,0,,,
502,1,,,1,,,950.4725,,,0,,
503,1,,,,,,1175.755,,,,,
504,1,,,,,,20.95,,,,,
505,1,2,,,,,9078.2135714286,4.1825,,,,
506,1,1,,1,,,1407.3417857143,19.3064285714,,339.3071428571,,
507,1,1,3,,1,,395.4264285714,4474.9392857143,0,,0.7142857143,
508,1,,,,,,1329.2439285714,,,,,
509,1,,,1,,,6722.3285714286,,,0,,
510,1,1,,,,,1181.8785714286,5443.6110714286,,,,
511,1,,,1,,1,224.2139285714,,,0,,915.0682142857
512,1,,,,,,825.4510714286,,,,,
513,1,,,,,,29.4857142857,,,,,
514,1,,,,,,27.0903571429,,,,,
515,1,2,,,,,956.6560714286,10861.7475,,,,
516,1,1,,,,,94.8860714286,4815.9857142857,,,,
517,1,,,,,,17.0510714286,,,,,
518,1,,,,,,1704.7117857143,,,,,
519,1,,,,,,210.8446428571,,,,,
520,1,1,,,,,1401.1364285714,3779.0092857143,,,,
521,1,,,1,,,80.2725,,,0,,
522,3,,,,,,1.2807142857,,,,,
523,1,,,,,,7041.8525,,,,,
524,1,,9,,,,57.6117857143,,3571.4285714286,,,
525,1,1,4,,,,0.3882142857,3845.9917857143,31884.5092857143,,,
526,1,,,,,1,237.4757142857,,,,,7142.8571428572
527,1,,,,,,1780.2517857143,,,,,
528,1,,,1,,,0,,,0,,
529,1,1,,,,,2014.4267857143,36183.4335714286,,,,
530,1,2,2,,,,349.085,11980.9232142857,28571.4285714286,,,
531,1,,,,,,338.0025,,,,,
532,1,3,,,,,2271.0578571429,16385.8342857143,,,,
533,1,,,,,,50,,,,,
534,1,,,,,,0,,,,,
535,1,1,,,,,9.6364285714,104847.1275,,,,
536,1,,,,,,663.8435714286,,,,,
537,1,,1,,,,814.4560714286,,0,,,
538,1,1,,,,,4.2732142857,3913.1664285714,,,,
539,1,,,,,,32.9910714286,,,,,
540,1,1,,,,,3007.2646428572,4842.6385714286,,,,
541,1,,,,,,4.9021428571,,,,,
542,1,,,1,,,1525.1414285714,,,0,,
543,1,,3,,,,2.8978571429,,446183.423214286,,,
544,1,,64,,,,4808.2710714286,,32990.4460714286,,,
545,1,1,,,,,3852.0539285714,37045.9657142857,,,,
546,1,,,,,,1023.3364285714,,,,,
547,1,1,1,,,,4446.7946428572,1253.6607142857,33004.4614285714,,,
548,1,,,,,,2663.1378571429,,,,,
549,1,,,,,,192.7760714286,,,,,
550,1,,,1,,,57.6003571429,,,192.0142857143,,
551,1,,,,1,1,865.4814285714,,,,0.9285714286,625.6260714286
552,1,,,,,,730.9875,,,,,
553,1,,,,,,3274.0575,,,,,
554,1,,,,,,2032.2328571429,,,,,
555,1,,,,,,16.0821428571,,,,,
556,1,,,,,,227.2621428571,,,,,
557,1,,2,1,,,2815.4867857143,,0,0,,
558,1,,,,,,393.4128571429,,,,,
559,1,1,4,1,,,464.6071428571,728.0439285714,0,881.6967857143,,
560,1,,,,,,6586.2228571429,,,,,
561,1,,,1,1,,269.3685714286,,,0,619.2857142857,
562,2,,,1,,,2006.015,,,0,,
563,1,1,4,1,,,56.6278571429,0.4475,263.9532142857,255.4853571429,,
564,1,,,,,,1391.6125,,,,,
565,1,,,1,,,7.0185714286,,,0,,
566,2,1,,,1,3,577.8582142857,22018.5864285714,,,474.3739285714,2405.2828571429
567,1,,,,,,6808.1978571429,,,,,
568,1,,,,1,,809.9760714286,,,,325.6457142857,
569,1,,,1,,,1.1492857143,,,139.6621428571,,
570,1,,,,,,575.1746428571,,,,,
571,1,,,1,1,,0.2978571429,,,0,1223.2142857143,
572,1,,,1,,,2739.5639285714,,,0,,
573,1,,,,,,1243.5057142857,,,,,
574,1,,,1,,1,3364.9467857143,,,0,,533.2189285714
575,1,,,,,,765.9475,,,,,
576,1,,,,,1,2.0210714286,,,,,883.7446428571
577,1,,,,,,317.1153571429,,,,,
578,1,,,,,,4781.0110714286,,,,,
579,1,,4,,,,10.9635714286,,0,,,
580,1,1,7,,,,4.0253571429,16272.2021428571,2510.7528571429,,,
581,1,1,,1,1,,0,14811.9810714286,,0,-1.4285714286,
582,1,,,,,,445.6714285714,,,,,
583,1,1,5,,,,271.1539285714,9.9492857143,13062.6767857143,,,
584,1,1,,1,,,2538.3867857143,5734.5471428572,,0,,
585,1,,2,,,,47.5732142857,,2648.9053571429,,,
586,1,,,,,,2036.1246428572,,,,,
587,1,1,1,,,,0,96668.1139285714,381.1310714286,,,
588,1,,,1,,,193.1764285714,,,710.7621428571,,
589,1,1,,1,,,168.1878571429,2.1517857143,,0,,
590,1,,,,,,183.6292857143,,,,,
591,1,,,1,,,0,,,0,,
592,1,1,,,,,402.0853571429,36166.5603571429,,,,
593,1,,,,,,1.4807142857,,,,,
594,2,1,,,,,3.8310714286,223.8189285714,,,,
595,1,,,,,,126.9225,,,,,
596,1,,,,,,0,,,,,
597,1,,,1,,,4552.8896428572,,,482.6128571429,,
598,2,,,1,,,562.2017857143,,,0,,
599,1,1,,,,,16.6710714286,23252.4435714286,,,,
600,1,1,4,,,,1189.3225,8771.7335714286,28004.9075,,,
601,1,1,2,,,,865.6828571429,92884.3296428571,0,,,
602,2,,,1,1,,84.3064285714,,,0,1053.8028571429,
603,1,1,,,,,1385.9882142857,7463.2467857143,,,,
604,1,,,,1,,5645.1139285714,,,,1044.1435714286,
605,1,,,,,,0,,,,,
606,1,1,,,,,80.6242857143,313.4735714286,,,,
607,1,2,3,1,1,,364.1085714286,1074.0725,0,0,490.7760714286,
608,1,1,,,,,347.3657142857,29191.295,,,,
609,1,1,,,,,130.8475,24933.4532142857,,,,
610,1,1,1,,1,,1083.5221428572,0.7996428571,14285.7142857143,,305.6771428571,
611,1,,,1,,1,943.8375,,,0,,2515.4192857143
612,1,1,,1,1,,28.5357142857,1085.2085714286,,0,110.0210714286,
613,1,,,1,1,,30.4675,,,218.2342857143,276.15,
614,1,2,17,1,1,,0,7143.0425,0,0,0,
615,1,,,,,,2509.5314285714,,,,,
616,1,,,,,,1083.7110714286,,,,,
617,1,,,1,,,5577.3571428572,,,0,,
618,1,,,1,,1,0,,,0,,887.375
619,1,1,2,,,,3764.5392857143,7812.5128571429,169.6746428571,,,
620,1,,,,,,2.1567857143,,,,,
621,1,1,,,,,1249.7096428572,0.0014285714,,,,
622,1,,,,,,0,,,,,
623,1,,,,,,1607.2757142857,,,,,
624,1,1,,,,,272.1257142857,12752.7275,,,,
625,1,,,,,,3943.0439285714,,,,,
626,1,,,,,,13.4646428571,,,,,
627,1,,2,,,,1604.2664285714,,4107.8603571429,,,
628,1,,,1,,,488.4596428571,,,0,,
629,1,,2,,,,61.7667857143,,34387.5835714286,,,
630,1,,,,,,389.45,,,,,
631,1,,,,,,339.8192857143,,,,,
632,2,,,1,,,592.0878571429,,,0,,
633,1,1,2,,,,36062.1135714286,16809.7660714286,0,,,
634,1,2,,,,,41.8617857143,47652.5510714286,,,,
635,1,,,,,,0,,,,,
636,1,1,,,1,,2623.8264285714,2457.8371428572,,,-7.7382142857,
637,1,,3,,,,0,,0,,,
638,1,,,1,,,89.25,,,0,,
639,1,,,,,,736.9435714286,,,,,
640,1,1,,,,,16765.39,3584.685,,,,
641,1,,,,,,1.375,,,,,
642,1,1,4,,,,2238.0917857143,9665.4335714286,194.2857142857,,,
643,1,,4,,,,2204.2185714286,,181931.547142857,,,
644,1,1,,,,,135.3635714286,0.17,,,,
645,1,,,,,,14.2978571429,,,,,
646,1,,,1,,,484.3903571429,,,0,,
647,1,,,,,,362.4582142857,,,,,
648,1,1,,,1,,2164.6328571429,14.3282142857,,,482.975,
649,1,,,1,,,15377.3539285714,,,0,,
650,1,,,,,,2589.6378571429,,,,,
651,1,,,,,1,2.1428571429,,,,,6236.6339285714
652,1,,,,,,5885.1864285714,,,,,
653,1,1,,,,,43.1442857143,6007.7925,,,,
654,1,,,,,,1657.3832142857,,,,,
655,2,,,,,,327.2014285714,,,,,
656,1,1,,,,,26.7607142857,6120.5889285714,,,,
657,1,1,,1,,,757.75,0,,274.9439285714,,
658,1,,,,,,1107.6778571429,,,,,
659,2,,,,,,1058.2935714286,,,,,
660,1,,,1,,,611.3221428571,,,0,,
661,1,1,,,,,378.8889285714,882.2335714286,,,,
662,1,,,,,,0,,,,,
663,1,,,,,,9.275,,,,,
664,2,,,,,,1407.6421428572,,,,,
665,1,,,,,,370.6532142857,,,,,
666,1,,1,,,,13806.5692857143,,25462.5617857143,,,
667,1,,,,,,60.0442857143,,,,,
668,1,1,1,1,,,586.9492857143,43701.9692857143,0,0,,
669,1,,,1,,,174.6578571429,,,157.4832142857,,
670,1,,,,,,13.9292857143,,,,,
671,1,1,,,,,858.955,11615.655,,,,
672,1,,,,,,47.9646428571,,,,,
673,1,2,1,1,1,,2588.8382142857,16144.0021428571,733.0685714286,8.445,1.1785714286,
674,1,,,1,,,16362.9832142857,,,745.5571428571,,
675,1,,,,,,27.865,,,,,
676,1,,,1,1,,1127.0082142857,,,0,417.1964285714,
677,1,,,,,,71.3907142857,,,,,
678,1,1,3,,,,2730.1214285714,0,761235.504285714,,,
679,1,2,,,,,0,28.6582142857,,,,
680,1,,,,,,0.5064285714,,,,,
681,1,,5,1,,1,4976.04,,46562.3107142857,0,,9916.2696428572
682,1,1,11,,,,684.2814285714,4557.6075,1146.4175,,,
683,1,,,,,,2052.3625,,,,,
684,1,2,3,,,,20.9664285714,12881.3710714286,20469.94,,,
685,1,,1,1,,,379.3821428571,,169.6746428571,0,,
686,1,,,,,,1146.8796428572,,,,,
687,2,,,,,,338.5896428571,,,,,
688,1,,,,,,585.0828571429,,,,,
689,1,,,,,,396.3082142857,,,,,
690,1,1,,,,,86.0242857143,4203.4385714286,,,,
691,1,,,,,,225.8607142857,,,,,
692,1,,,1,,,641.1296428571,,,0,,
693,1,,,1,,,2889.7817857143,,,0,,
694,1,1,,,,1,0.0021428571,114458.456785714,,,,117.6539285714
695,1,,,,,,0.015,,,,,
696,1,,,,,1,2644.6042857143,,,,,3301.6385714286
697,1,,,1,1,,2474.8225,,,0,642.2321428571,
698,1,1,,,,,64.7428571429,1841.0621428572,,,,
699,1,,4,1,,,1823.0571428572,,18491.4442857143,0,,
700,1,,,,,,345.3353571429,,,,,
701,3,1,,,,,0,34394.5557142857,,,,
702,1,1,1,,1,,238.2278571429,391.9985714286,4718.1260714286,,0,
703,1,,6,,,,198.8796428571,,125.1257142857,,,
704,1,,,,,,403.4421428571,,,,,
705,3,,,,,,191.1260714286,,,,,
706,1,,,,,,1405.1271428572,,,,,
707,1,,,,,,317.8646428571,,,,,
708,1,,,,,,0,,,,,
709,1,,,,,,683.5714285714,,,,,
710,1,,,,,,1026.1178571429,,,,,
711,1,,,,,,111.1267857143,,,,,
712,1,,,1,,1,3551.8782142857,,,0,,1985.3728571429
713,1,,,1,,,113.4092857143,,,350.1135714286,,
714,1,1,,,,,224.4425,5495.8610714286,,,,
715,1,1,,,1,,4661.0196428572,20.5446428571,,,0.7142857143,
716,1,,,,,,5070.6596428572,,,,,
717,2,,,,,,3136.7346428572,,,,,
718,1,,,1,,1,273.4285714286,,,215.49,,1057.9571428572
719,1,,,,,,79.3989285714,,,,,
720,1,,,,,,0,,,,,
721,1,1,,1,,,218.6946428571,27896.8867857143,,526.4889285714,,
722,1,1,6,,,,4933.7489285714,465.5371428571,1942.8571428572,,,
723,1,,,,,,444.29,,,,,
724,1,,,,,,102.2325,,,,,
725,1,,20,,,,374.2242857143,,0,,,
726,1,,,1,,,2963.085,,,260.87,,
727,1,1,1,,,,48.9335714286,35768.3885714286,14484.0839285714,,,
728,1,,,,,,1194.7971428572,,,,,
729,1,1,1,1,,,2082.3089285714,0,0,0,,
730,1,,,1,,,331.7296428571,,,0,,
731,1,,,,,,957.0071428571,,,,,
732,3,1,6,,,,301.1560714286,347.4171428571,49993.3992857143,,,
733,1,1,,,,,5.7067857143,10778.9839285714,,,,
734,1,1,,,,,69.5110714286,57901.6792857143,,,,
735,1,,,,,,188.9946428571,,,,,
736,1,,,,,,285.7142857143,,,,,
737,3,,,,,,3175.2646428572,,,,,
738,1,,,,,,1953.7857142857,,,,,
739,1,1,8,1,,1,5519.3089285714,0,9824.2367857143,0,,3868.6796428572
740,1,,2,,,,314.6092857143,,24739.0642857143,,,
741,1,,,,,,58.5839285714,,,,,
742,1,,,,,,267.5435714286,,,,,
743,1,,,,,,1928.7057142857,,,,,
744,2,,,,,1,7881.3110714286,,,,,9055.5846428572
745,1,,,1,,,3688.1567857143,,,0,,
746,1,,1,,,,16436.3271428571,,49030.4107142857,,,
747,1,,,1,,,43.13,,,1459.4571428572,,
748,1,,,1,,,1155.4671428572,,,0,,
749,1,,,,,,0.1917857143,,,,,
750,1,,,,,1,710.4925,,,,,2893.0267857143
751,1,,,,,,38.6557142857,,,,,
752,1,1,,,,,60.1139285714,14680.9542857143,,,,
753,1,,,,,,16357.5767857143,,,,,
754,1,,,,,,13.0425,,,,,
755,1,,11,,,,590.4103571429,,2165.8228571429,,,
756,1,,3,1,1,1,1782.36,,2322.8010714286,250.8803571429,966.6189285714,3141.9
757,1,,,,,,1202.235,,,,,
758,1,1,,,,,8826.6442857143,9129.4875,,,,
759,1,,,1,,,0.7842857143,,,0,,
760,1,5,,,,,21873.9017857143,3890.05,,,,
761,1,1,,,,,128.3882142857,0,,,,
762,1,,1,,,,1077.3460714286,,0,,,
763,1,,,1,1,1,5292.1792857143,,,0,1529.0589285714,2906.9817857143
764,1,2,,,,,13436.1642857143,8.7107142857,,,,
765,2,,,,,,4.7142857143,,,,,
766,1,,,,,,497.9189285714,,,,,
767,1,2,3,,,,0,8036.4307142857,424.1864285714,,,
768,1,,,,1,,1107.2435714286,,,,992.4075,
769,1,1,,,,,265.3528571429,6097.2464285714,,,,
770,1,,,,,,1.4082142857,,,,,
771,1,,2,,,,17.6257142857,,0,,,
772,1,1,1,1,,,297.1175,9.5935714286,0,0,,
773,1,,,,,,1693.1764285714,,,,,
774,1,,,1,,2,83.0564285714,,,0,,337.7471428571
775,2,2,1,1,,1,116.1735714286,3774.2539285714,579084.107857143,0,,277.0864285714
776,2,1,1,,,,0,10977.9267857143,11162.4396428571,,,
777,1,,,,,,484.5646428571,,,,,
778,1,,,1,,,3821.465,,,0,,
779,1,,,1,,,567.8696428571,,,0,,
780,1,,,1,1,,184.8096428571,,,0,641.7617857143,
781,1,1,,,,,347.4175,3836.2682142857,,,,
782,1,2,2,,,,323.6771428571,37651.5,69073.4921428571,,,
783,1,,,,,,4765.4735714286,,,,,
784,1,,,,,,870.1514285714,,,,,
785,1,,,1,,,6478.5075,,,0,,
786,1,2,,,,,1016.5725,4112.3960714286,,,,
787,1,1,1,,,,1663.0557142857,6667.5192857143,14696.5014285714,,,
788,1,1,2,,,,36.9917857143,7139.7625,0,,,
789,1,,6,,,,16.4292857143,,2503.2603571429,,,
790,1,,,1,,,4.0271428571,,,0,,
791,1,1,7,1,1,,910.305,3680.0942857143,8823.2571428572,0,360.0260714286,
792,1,,,,,,9.3025,,,,,
793,1,1,,,,,20.6492857143,4004.6742857143,,,,
794,1,1,1,,1,1,283.2157142857,16218.1967857143,0,,547.7832142857,4239.8457142857
795,1,,1,,,,528.5796428571,,12768.2135714286,,,
796,3,,,,1,1,247.0035714286,,,,1109.5057142857,4632.9817857143
797,1,1,4,,,,1409.805,26478.2889285714,3020.6407142857,,,
798,1,,,,,,134.4014285714,,,,,
799,1,,,,,,882.1239285714,,,,,
800,1,,1,1,,,660.9817857143,,0,0,,
801,1,,,,,,28.5714285714,,,,,
802,1,1,3,,,,7.0935714286,2645.5457142857,11587.9103571429,,,
803,1,,,,,,0,,,,,
804,2,1,,,,,0,12053.1764285714,,,,
805,1,,,1,,,0.6175,,,354.96,,
806,1,,,,,,0,,,,,
807,1,,,,,,256.4892857143,,,,,
808,1,1,18,,,,608.5792857143,55.5303571429,0,,,
809,1,,,,,1,16.6239285714,,,,,3295.8071428572
810,1,,,1,,1,542.1714285714,,,0,,930.3571428571
811,1,,,,,,1227.8682142857,,,,,
812,1,,,,,,6302.0678571429,,,,,
813,1,1,,1,,,20.4132142857,29215.9803571429,,306.9214285714,,
814,1,1,1,,,,2498.9321428572,3639.5946428572,308.8821428571,,,
815,1,,,,,,4523.6467857143,,,,,
816,1,,,,,,382.7135714286,,,,,
817,1,,3,,,,57.5575,,6083.6485714286,,,
818,1,,,,,,1381.6385714286,,,,,
819,1,,,,1,2,325.1242857143,,,,2.25,3816.9796428572
820,1,,,,,,176.4846428571,,,,,
821,3,1,,,,,1054.2371428572,8.1589285714,,,,
822,1,1,1,1,,,300.7753571429,65263.0442857143,0,134.3346428571,,
823,1,1,,,,,13177.1532142857,725.6314285714,,,,
824,1,1,1,,,,337.6821428571,1716.2910714286,526.7785714286,,,
825,1,,,,,,28.5714285714,,,,,
826,1,,1,1,1,,0,,62103.2685714286,0,0,
827,1,,,1,1,,49.1935714286,,,0,0.4642857143,
828,1,,,,,,0,,,,,
829,1,,,,1,5,183.6614285714,,,,2.3446428571,1506.5014285714
830,1,,,,,,21.3625,,,,,
831,1,,1,,,,1440.0525,,0,,,
832,1,,,,,,458.8110714286,,,,,
833,1,,,,,,3017.6414285714,,,,,
834,1,,,1,,1,4430.3632142857,,,0,,2015.4878571429
835,1,,,,,,871.5025,,,,,
836,2,,,,,,920.6767857143,,,,,
837,1,,,,,,686.4396428571,,,,,
838,1,,,1,,,54.4821428571,,,0,,
839,1,,,,,,870.7567857143,,,,,
840,1,,,,1,,14.7121428571,,,,0,
841,1,1,2,,,,1029.6585714286,0,0,,,
842,1,,,,,,22.1357142857,,,,,
843,1,,,,,,80.9285714286,,,,,
844,1,,,,,,21.3307142857,,,,,
845,1,,,,,,459.5907142857,,,,,
846,1,1,2,1,1,,224.0717857143,5.0003571429,12033.3957142857,558.7092857143,0,
847,1,,,,,,240.9489285714,,,,,
848,1,,,,1,,49.7567857143,,,,0,
849,1,,,,,,146.8539285714,,,,,
850,1,,,,,,43.5232142857,,,,,
851,1,1,,1,,,732.9371428571,103328.818928571,,0,,
852,1,,,,,,357.1457142857,,,,,
853,1,1,,1,,,3061.9689285714,19069.4007142857,,0,,
854,1,1,4,1,,,1860.2396428572,851.0614285714,342.5960714286,0,,
855,1,,1,,,,49.0575,,1171.0714285714,,,
856,1,,1,,,,660.1114285714,,14777.4171428571,,,
857,1,,,,,,983.3739285714,,,,,
858,1,,,,,,660.2478571429,,,,,
859,1,,,,,,359.0332142857,,,,,
860,1,,,,,,169.9696428571,,,,,
861,1,,,,,,736.4207142857,,,,,
862,1,,,,,,3.5835714286,,,,,
863,1,,,1,1,2,21.9367857143,,,0,1.1785714286,63.8032142857
864,1,,,1,,,23.4960714286,,,0,,
865,1,,,,,,591.2628571429,,,,,
866,1,,,,,,1751.3507142857,,,,,
867,1,,,1,,,1097.7342857143,,,0,,
868,1,,2,,,,0,,848.3725,,,
869,1,1,3,,,,352.8278571429,5469.8510714286,833.2367857143,,,
870,1,,,1,,,122.1064285714,,,182.9657142857,,
871,1,,,,1,2,2853.2082142857,,,,122.1171428571,8660.0660714286
872,1,,,,,,13775.455,,,,,
873,1,,,,,,107.2625,,,,,
874,1,1,2,1,,,3612.0592857143,1628.4907142857,1218.6610714286,0,,
875,1,,,,,,50.3410714286,,,,,
876,1,1,,1,,,5948.0057142857,7155.0103571429,,0,,
877,1,,,,,,2163.8246428572,,,,,
878,1,,22,,,,1519.9492857143,,617.8335714286,,,
879,1,,,,,,3871.8867857143,,,,,
880,1,,,,,,70.5485714286,,,,,
881,2,,,,,,3024.1453571429,,,,,
882,1,1,1,,,,51.9717857143,19147.4546428571,11207.1732142857,,,
883,1,,,,,,236.2178571429,,,,,
884,1,,,1,,,2250.3082142857,,,0,,
885,1,,,,,,3641.4321428572,,,,,
886,1,1,,,,,168.9046428571,115074.533571429,,,,
887,1,,,,,,402.8014285714,,,,,
888,1,,,,,,137.5217857143,,,,,
889,1,,,,,,2560.4264285714,,,,,
890,1,1,,,,,1024.4442857143,16727.6353571429,,,,
891,1,,,1,,,1131.6232142857,,,0,,
892,1,,,1,,,0,,,641.1453571429,,
893,1,,,,,,2.4689285714,,,,,
894,1,,,1,1,2,354.9828571429,,,0,0.7142857143,2182.3967857143
895,1,1,,,,,997.9667857143,26797.1192857143,,,,
896,1,,,,,,1743.7385714286,,,,,
897,1,1,3,,,,0.7553571429,7567.1917857143,6511.8589285714,,,
898,1,1,2,,,,2741.8989285714,1750.5525,563.3707142857,,,
899,1,,,,,,1068.9364285714,,,,,
900,1,,,,,,7.1457142857,,,,,
901,1,,,1,1,1,153.9807142857,,,803.7907142857,983.7857142857,9501.4746428572
902,1,,,,,,13482.2360714286,,,,,
903,1,,,,,,414.7292857143,,,,,
904,1,,,,,,3758.3442857143,,,,,
905,1,,,,,,4899.0482142857,,,,,
906,1,,,,,,50.73,,,,,
907,1,,,,,,778.5221428571,,,,,
908,1,,,,,,54172.8692857143,,,,,
909,1,,,1,,1,4.7107142857,,,0,,4291.9964285714
910,1,1,,,1,,3007.7532142857,1149.5053571429,,,928.4642857143,
911,1,,,1,,,3.2571428571,,,0,,
912,1,,,,,,3.4967857143,,,,,
913,1,,1,,,,2102.5003571429,,7975.6835714286,,,
914,1,,,,,2,2.6075,,,,,12567.0257142857
915,1,,1,1,,,33.4321428571,,13680.2771428571,175.5996428571,,
916,1,1,5,1,1,,7949.0067857143,554.9710714286,2545.7432142857,470.0514285714,1188.7867857143,
917,1,1,1,,,,9.055,191.3092857143,0,,,
918,1,,,,,,1054.8021428572,,,,,
919,1,,,1,,,254.0117857143,,,0,,
920,1,,,,,,111.8703571429,,,,,
921,2,,,,,,2691.9957142857,,,,,
922,1,,,,,,1963.8014285714,,,,,
923,1,,,,,,96.0892857143,,,,,
924,1,,,1,1,,341.5514285714,,,0,460.0892857143,
925,1,,,,,,527.9432142857,,,,,
926,1,,,1,,,2860.8021428572,,,0,,
927,1,1,1,,,,1897.8360714286,3104.5839285714,3904.8517857143,,,
928,1,,26,,,,10594.5225,,69777.2053571429,,,
929,1,,,,,,291.1532142857,,,,,
930,1,2,,,,,849.1971428571,4113.7703571429,,,,
931,1,,,,,,10349.92,,,,,
932,1,1,7,,,,3060.9460714286,7537.4032142857,2116.0714285714,,,
933,1,,,1,,,1624.8632142857,,,0,,
934,1,,,1,1,1,1613.8460714286,,,0,708.2582142857,3261.6978571429
935,1,,,1,,,2430.9746428572,,,0,,
936,1,,,,,,1973.2807142857,,,,,
937,1,,,,,,361.5896428571,,,,,
938,1,1,2,,,,7.5767857143,52743.0907142857,0,,,
939,1,,,,,,2181.3021428572,,,,,
940,1,,,,,,0,,,,,
941,1,,,,,,4466.4221428572,,,,,
942,1,2,3,,,,2841.4142857143,27797.9796428571,0,,,
943,1,,,,1,,446.3989285714,,,,1.1785714286,
944,1,,,,,,764.6896428571,,,,,
945,1,,,,,,411.0082142857,,,,,
946,1,1,1,,1,,9830.7053571429,1796.0335714286,1131.9078571429,,2.3571428571,
947,1,,,,,,1313.1657142857,,,,,
948,1,,,,,3,2574.7775,,,,,13012.3857142857
949,1,1,,1,1,,693.7617857143,516.1596428571,,0,523.8107142857,
950,1,,,,,,41.4603571429,,,,,
951,2,1,,1,1,,338.365,93895.6878571429,,0,30.345,
952,1,,,,,1,72.4042857143,,,,,1447.7096428572
953,1,1,,,,,1507.6957142857,1508.5532142857,,,,
954,1,1,,,,,32.5592857143,1460.8,,,,
955,1,,,,,,3131.2239285714,,,,,
956,2,,,1,,,3611.3978571429,,,0,,
957,1,2,,1,,,125.8064285714,5069.3157142857,,664.3207142857,,
958,1,,,,1,,648.5142857143,,,,511.9364285714,
959,1,,,,,,186.0989285714,,,,,
960,1,,,,,,515.3353571429,,,,,
961,1,,,,,,251.3360714286,,,,,
962,1,,,,,,1783.9614285714,,,,,
963,1,1,1,,,,10607.8228571429,87931.5989285714,4991.4135714286,,,
964,1,,,1,,,2445.9664285714,,,345.0017857143,,
965,4,,,1,1,,319.0475,,,0,1.1785714286,
966,1,,,,,,476.2132142857,,,,,
967,1,,,,,,886.8014285714,,,,,
968,1,,,1,,,158.0389285714,,,0,,
969,1,,,,,,10820.7085714286,,,,,
970,1,1,10,,,,30.5764285714,12347.8471428571,0,,,
971,1,,,,,,28.5714285714,,,,,
972,1,1,,,,,2780.9453571429,3422.0921428572,,,,
973,1,,,,,,1633.8282142857,,,,,
974,1,,,,,,6298.2614285714,,,,,
975,2,,,,,,85.0453571429,,,,,
976,1,1,3,,,,16.8821428571,1866.0357142857,9412.8392857143,,,
977,1,,,,,,2639.3085714286,,,,,
978,1,1,3,,,,139.8389285714,37869.0853571429,0,,,
979,1,1,,,,,18896.3128571429,1025.0135714286,,,,
980,1,,,,,,97.6285714286,,,,,
981,1,,,,,,2754.4928571429,,,,,
982,1,,,,,,1813.5207142857,,,,,
983,1,1,2,,,,462.2217857143,1053.04,0,,,
984,1,,,,,,1049.0246428572,,,,,
985,1,,,1,,,58.1,,,164.6753571429,,
986,1,,,1,1,,469.3117857143,,,0,247.37,
987,1,,,,,,21.125,,,,,
988,1,,,,,,705.8725,,,,,
989,3,,,,,,778.1028571429,,,,,
990,1,1,,,,,181.4857142857,22492.7382142857,,,,
991,1,,,,,,37.6589285714,,,,,
992,1,,,,,,1795.1217857143,,,,,
993,1,1,3,,,,2.045,5401.1671428572,0,,,
994,1,,,,,2,2314.6135714286,,,,,515.4564285714
995,1,,,,,,292.9007142857,,,,,
996,1,,,,,,5689.6753571429,,,,,
997,1,2,,,,,273.6860714286,9222.9185714286,,,,
998,1,,,1,1,,2435.4757142857,,,0,242.6239285714,
999,1,,,,,,26.3039285714,,,,,
1000,1,,,,,,55934.0203571429,,,,,
1001,1,,,1,,,714.4475,,,529.8546428571,,
1002,1,,,1,1,,115.0228571429,,,0,0,
1003,1,,,,,,3465.5371428572,,,,,
1004,1,,,,,,2107.8367857143,,,,,
1005,1,,,1,1,1,16.2289285714,,,0,2.3571428571,983.1507142857
1006,1,,,,,,0,,,,,
1007,1,1,4,,,,46.1489285714,0.0007142857,0,,,
1008,1,2,4,,,,201.5717857143,5440.2971428572,0,,,
1009,1,1,,,,,73.9671428571,0.3785714286,,,,
1010,1,,,,,,4700.1442857143,,,,,
1011,1,,,,,,358.8446428571,,,,,
1012,1,,,,,,2.7375,,,,,
1013,1,,,,,,443.1457142857,,,,,
1014,1,,,,,,10020.6103571429,,,,,
1015,1,1,,,,,794.4564285714,1951.5953571429,,,,
1016,1,,,1,,1,947.1507142857,,,0,,384.9125
1017,1,,,,,,903.6382142857,,,,,
1018,1,,,,,1,1400.9367857143,,,,,1278.5925
1019,1,,,,,,337.4732142857,,,,,
1020,1,,,,,,240.9632142857,,,,,
1021,1,,,,,,2537.3210714286,,,,,
1022,1,,,,1,,375.5846428571,,,,1055.2010714286,
1023,1,,,,,,2916.7925,,,,,
1024,1,,,,,,193.04,,,,,
1025,1,,,1,,2,5558.4753571429,,,707.3932142857,,10121.4707142857
1026,1,,,,,,389.0253571429,,,,,
1027,1,,,,,,5265.1167857143,,,,,
1028,1,,,,,,307.8357142857,,,,,
1029,1,,,1,,,2.9142857143,,,924.8914285714,,
1030,2,1,,,,,8055.4203571429,37569.4667857143,,,,
1031,1,,,,,1,173.2639285714,,,,,2529.5685714286
1032,1,,,,,,1114.8675,,,,,
1033,1,1,3,,,,193.5725,10743.7414285714,0,,,
1034,1,,,,,,158.7689285714,,,,,
1035,3,1,1,,,,104.6017857143,4644.8207142857,15094.395,,,
1036,1,1,,,,,819.3517857143,32160.1657142857,,,,
1037,1,,,1,1,,3203.4564285714,,,0,0.7142857143,
1038,1,,,,,,27.0357142857,,,,,
1039,1,,,1,,,2.1089285714,,,0,,
1040,1,1,4,,,,3135.4296428572,15743.1203571429,3678.5714285714,,,
1041,1,,1,1,1,,22.2910714286,,178571.428571429,0,30.9285714286,
1042,1,,,1,,,13648.4596428571,,,0,,
1043,1,,,1,,1,658.5878571429,,,0,,5781.3475
1044,1,2,1,,,,84.1442857143,69302.3928571429,45697.5721428571,,,
1045,1,,,1,,,469.4325,,,0,,
1046,1,,,,,,5942.16,,,,,
1047,1,1,2,,,,10.6389285714,3286.0982142857,8152.3864285714,,,
1048,1,,,1,,,1911.4914285714,,,0,,
1049,1,,,,,,329.0610714286,,,,,
1050,1,,5,,,,113.8096428571,,2880.8671428572,,,
1051,1,,,1,1,1,0,,,0,156.4192857143,310.2007142857
1052,1,,,,,,1.2785714286,,,,,
1053,1,,,,,,107.1428571429,,,,,
1054,1,,,,,,1098.0239285714,,,,,
1055,1,,,,,,838.6396428571,,,,,
1056,1,,,,,,283.605,,,,,
1057,1,1,4,,,,1484.7503571429,232.5767857143,1213.9285714286,,,
1058,1,1,1,,,,431.3464285714,6657.7203571429,4239.0603571429,,,
1059,1,1,4,,,,819.1517857143,1816.0475,210.3571428571,,,
1060,1,,,,,,633.7039285714,,,,,
1061,1,,,,,,2279.7428571429,,,,,
1062,1,1,,,,,7.6275,18634.06,,,,
1063,1,,,1,,1,291.1475,,,0,,4116.3114285714
1064,1,,1,,1,,23.8564285714,,52133.855,,0,
1065,1,,,1,,1,1450.235,,,0,,360.3546428571
1066,2,,3,,,1,40.1910714286,,0,,,3708.2539285714
1067,1,,,,,1,3813.8689285714,,,,,4128.4
1068,1,,,,1,,3002.5039285714,,,,1020.8460714286,
1069,1,,,,,,12137.7760714286,,,,,
1070,2,,,1,,,176.8125,,,0,,
1071,1,,,1,1,2,53.3932142857,,,0,7.1785714286,5414.1017857143
1072,2,2,,,,,2081.6007142857,5343.5914285714,,,,
1073,1,,3,,1,,0,,3091.1871428572,,1.7146428571,
1074,1,,,,,,1218.1325,,,,,
1075,1,,,,,,1021.6946428572,,,,,
1076,1,1,,,,,142.8571428571,56803.3071428572,,,,
1077,2,1,3,,,,976.5239285714,1955.6385714286,0,,,
1078,1,,,,,,111.1732142857,,,,,
1079,1,,,,,,4314.8864285714,,,,,
1080,1,,,,,,4019.5342857143,,,,,
1081,1,,,,,,5.3428571429,,,,,
1082,1,,,,,,2725.1139285714,,,,,
1083,2,,1,,,,42.6189285714,,759.1507142857,,,
1084,1,,,,,,529.0857142857,,,,,
1085,1,,,1,,1,0.5360714286,,,0,,1384.7114285714
1086,1,,,,,,2455.7714285714,,,,,
1087,1,1,18,,,,0,0,3687.26,,,
1088,1,,,,,,2118.5864285714,,,,,
1089,1,,,,,,6987.5903571429,,,,,
1090,1,,,1,,,189.7825,,,0,,
1091,1,1,26,,,,7.1071428571,0.0089285714,0,,,
1092,1,,,,,,0.1378571429,,,,,
1093,1,,,,,,12568.6371428571,,,,,
1094,1,,,,,,89.0225,,,,,
1095,1,,11,,,,1180.3325,,6541.0275,,,
1096,1,,4,,,,341.0192857143,,0,,,
1097,1,1,2,,,,914.7375,3849.4746428572,14285.7142857143,,,
1098,2,,2,1,1,1,143.1628571429,,0,439.355,2382.9460714286,10628.5335714286
1099,1,,,,,,87.9175,,,,,
1100,1,,,,,,11.1782142857,,,,,
1101,1,1,2,,,,1.4385714286,5357.3453571429,12399.1367857143,,,
1102,2,,,,,,191.3321428571,,,,,
1103,1,,,,1,1,31681.4946428571,,,,112.2282142857,2304.64
1104,1,,,1,1,1,0,,,0,1.1785714286,120.6760714286
1105,1,,,,,,7445.0692857143,,,,,
1106,1,,,,,,241.2782142857,,,,,
1107,1,1,,1,,,100.9821428571,2115.6203571429,,0,,
1108,1,,,,,,3388.0417857143,,,,,
1109,1,,,,,,1706.4196428572,,,,,
1110,1,,,1,,,24.3796428571,,,54.335,,
1111,1,1,,,,,65.3078571429,10105.8296428571,,,,
1112,1,2,,,,,42.0660714286,28543.7175,,,,
1113,1,,,1,,,9.98,,,293.1821428571,,
1114,1,,,1,,1,4102.2432142857,,,0,,5177.6917857143
1115,1,,,,,,4069.9342857143,,,,,
1116,1,1,,1,1,1,124.1653571429,0.4810714286,,98.2817857143,211.1464285714,10166.9857142857
1117,1,,,1,1,2,393.8835714286,,,2055.3253571429,0.7142857143,11060.5339285714
1118,1,,3,1,,,420.8014285714,,314723.165,0,,
1119,1,,7,1,,,3352.8221428572,,0,0,,
1120,1,,,,,,10688.8075,,,,,
1121,1,,,,,,52.5264285714,,,,,
1122,1,,,,,,3747.3196428572,,,,,
1123,1,,,1,,,147.5196428571,,,0,,
1124,1,,,,,,4570.1346428572,,,,,
1125,1,,,,,,401.1625,,,,,
1126,1,,,,,,1969.3992857143,,,,,
1127,1,,,1,,,1646.4164285714,,,0,,
1128,1,,,,,,379.3485714286,,,,,
1129,1,,,,,,30969.845,,,,,
1130,1,,,1,,,0.4482142857,,,1776.0653571429,,
1131,1,,,1,,,231.2685714286,,,0,,
1132,1,,4,1,,,0,,18725.7535714286,0,,
1133,1,1,1,1,,,1.7610714286,35.8121428571,36102.2089285714,0,,
1134,1,,,1,,1,2534.9835714286,,,0,,4249.2178571429
1135,1,1,2,1,,,2253.8857142857,405.6142857143,0,166.2071428571,,
1136,1,,,,,,12741.8214285714,,,,,
1137,1,,,,,,232.5589285714,,,,,
1138,1,,,1,,,422.6142857143,,,0,,
1139,1,,,,,,0,,,,,
1140,1,,,,,,2538.9314285714,,,,,
1141,1,,,,,,2262.1789285714,,,,,
1142,1,3,1,,,,5239.4710714286,255.2389285714,113.2167857143,,,
1143,1,,,,,,4577.445,,,,,
1144,1,1,2,1,,,1329.5982142857,0.0071428571,6071.7207142857,0,,
1145,1,,,,,,324.71,,,,,
1146,1,,,1,,,286.7075,,,0,,
1147,1,,,,,,27.1953571429,,,,,
1148,1,1,,,1,,83.9010714286,569.4092857143,,,808.1078571429,
1149,1,,,1,,,0,,,62.7025,,
1150,1,,,1,,,6.4760714286,,,0,,
1151,1,,,1,,1,35454.3,,,12.34,,1651.2996428572
1152,1,,,,,,727.3235714286,,,,,
1153,1,,1,,,,180.5317857143,,17.7285714286,,,
1154,1,,,,,,10.6446428571,,,,,
1155,1,,,,,,31.7857142857,,,,,
1156,1,,,,,,47.1921428571,,,,,
1157,1,1,,1,1,,8214.665,86661.1382142857,,0,1.4285714286,
1158,1,1,,1,,,7.1428571429,3684.8639285714,,0,,
1159,1,1,,,,,467.1382142857,21.5342857143,,,,
1160,1,,,1,,1,2723.9803571429,,,0,,4239.8775
1161,1,1,,,,,602.1117857143,5384.0864285714,,,,
1162,1,,,,,,71.6017857143,,,,,
1163,1,,,,,,4143.0435714286,,,,,
1164,1,,,,,,2.9089285714,,,,,
1165,1,,,,,,19180.7660714286,,,,,
1166,1,,,,,,1780.1528571429,,,,,
1167,1,1,,1,,,213.0685714286,3877.4642857143,,0,,
1168,1,1,,1,1,,5308.645,23934.5082142857,,0,0,
1169,1,,,,,,1824.04,,,,,
1170,1,1,,,,,1845.1207142857,45528.4417857143,,,,
1171,1,,,,,,5.6325,,,,,
1172,1,1,1,,,,2175.2410714286,81.8796428571,20497.1589285714,,,
1173,1,,,,,,2501.6760714286,,,,,
1174,1,,,,,,1.5221428571,,,,,
1175,1,,,,,,25428.1114285714,,,,,
1176,1,,,,,,9325.0203571429,,,,,
1177,1,,,,,,5320.3532142857,,,,,
1178,1,1,,,,,38.045,40400.5164285714,,,,
1179,1,,,1,,1,0.0003571429,,,0,,2190.5910714286
1180,1,,,,1,1,18364.8185714286,,,,119.8428571429,1361.0182142857
1181,1,,8,,,,1329.495,,0,,,
1182,1,,,1,1,,3044.5989285714,,,0,512.8,
1183,1,1,5,,,,623.4685714286,84.3564285714,208.5967857143,,,
1184,1,,1,1,,,2282.5242857143,,0,793.6710714286,,
1185,2,,,,,,0,,,,,
1186,1,,,,,,3307.4125,,,,,
1187,1,,,,,,10.77,,,,,
1188,1,1,1,1,,,28.8382142857,2236.0314285714,39221.835,0,,
1189,1,1,,,,,48.9867857143,8421.0046428572,,,,
1190,1,,,,,,53.3857142857,,,,,
1191,1,1,,,1,,907.0853571429,638.6628571429,,,283.8092857143,
1192,1,1,7,,,,2789.3425,10566.7842857143,11171.4285714286,,,
1193,2,,,1,,,4180.6975,,,0,,
1194,1,,,,,,4.6703571429,,,,,
1195,1,,,1,,,120.1517857143,,,0,,
1196,1,,,,,,3405.2428571429,,,,,
1197,1,,,,,,320.05,,,,,
1198,1,,,,,,3378.41,,,,,
1199,1,,,,,,0,,,,,
1200,1,1,2,1,1,,2137.8975,6841.3146428572,71428.5714285714,0,2.3571428571,
1201,2,,,1,,,115.4642857143,,,0,,
1202,3,,,,,,1500.8082142857,,,,,
1203,1,,,,,,35.1453571429,,,,,
1204,1,,,,,,147.3178571429,,,,,
1205,1,,,1,,,628.3125,,,176.8853571429,,
1206,1,,,,,,79.5117857143,,,,,
1207,1,1,2,,1,,1347.8132142857,5193.2532142857,1445.1378571429,,318.5078571429,
1208,1,,,,,,664.5782142857,,,,,
1209,1,,,,,,588.7410714286,,,,,
1210,1,1,,,,,2639.0267857143,67.1314285714,,,,
1211,1,,,1,1,,251.0271428571,,,0,2.3571428571,
1212,1,,,1,,,8.0871428571,,,0,,
1213,1,,,1,,,1615.3417857143,,,0,,
1214,2,,2,,,,2102.1614285714,,9584.6596428571,,,
1215,1,,,,,,3079.5114285714,,,,,
1216,1,,,,,1,166.9182142857,,,,,4202.2014285714
1217,1,,,,,,6752.2446428572,,,,,
1218,1,1,,,,,54.8239285714,1584.6432142857,,,,
1219,1,,,,,,5164.2064285714,,,,,
1220,1,1,,1,1,,1242.6432142857,26851.7246428571,,493.2075,1.4285714286,
1221,1,,,1,,,2577.3292857143,,,0,,
1222,1,,,,,,21770.8125,,,,,
1223,1,,,,,,143.3167857143,,,,,
1224,1,,,,,,116.3314285714,,,,,
1225,1,,,,,,3749.135,,,,,
1226,1,,4,1,1,,35.7142857143,,15589.2267857143,0,1.1785714286,
1227,1,2,,,,,106.7432142857,35945.7435714286,,,,
1228,1,,,,,,1018.8925,,,,,
1229,1,,,,,,324.0157142857,,,,,
1230,1,,1,1,1,,3.1092857143,,9198.6382142857,0,382.2635714286,
1231,1,,,,,,819.8539285714,,,,,
1232,1,,,,,,18.0892857143,,,,,
1233,1,,,,,,199.5110714286,,,,,
1234,1,,,,,,0.0192857143,,,,,
1235,1,1,6,,,,27.6721428571,5936.2707142857,10492.5539285714,,,
1236,1,1,,,,,2278.6146428572,0,,,,
1237,1,1,,,,1,1028.4814285714,728.4482142857,,,,10059.6957142857
1238,1,,,,,,602.6167857143,,,,,
1239,1,,,,,,1421.0607142857,,,,,
1240,1,,,1,,2,5.8428571429,,,0,,194.8039285714
1241,1,,,1,,,22939.27,,,0,,
1242,1,,2,1,,,281.6489285714,,12436.5721428571,28.2946428571,,
1243,2,,3,,,,1.2914285714,,8745.7857142857,,,
1244,1,,,,,,2392.7146428572,,,,,
1245,1,,,,,,538.6903571429,,,,,
1246,1,,,,,,12519.4,,,,,
1247,1,1,,1,,,790.3917857143,0.0096428571,,0,,
1248,2,,1,,,,12.7164285714,,10422.8496428571,,,
1249,1,,,,,,7292.5478571429,,,,,
1250,1,,,1,,,825.8328571429,,,0,,
1251,1,,,1,,,809.2982142857,,,0,,
1252,1,2,2,,,,95.5782142857,12681.2107142857,0,,,
1253,1,,,1,,,1181.3639285714,,,0,,
1254,1,,,,,,740.4503571429,,,,,
1255,1,,,,,,7410.4110714286,,,,,
1256,1,,,1,1,,237.1485714286,,,0,426.4360714286,
1257,1,,,,,,1693.3775,,,,,
1258,1,1,7,1,,,147.0489285714,357.9221428571,0,0,,
1259,2,,,,,1,0,,,,,2933.3135714286
1260,1,2,,,,,2811.3828571429,3586.7117857143,,,,
1261,1,,,1,,,958.0035714286,,,336.21,,
1262,1,1,1,,,,5.7278571429,35256.9778571429,1350.0739285714,,,
1263,1,,,1,1,1,0,,,1211.6210714286,2.3571428571,4233.1360714286
1264,1,,,,,,12992.5107142857,,,,,
1265,1,,,,,,2941.9939285714,,,,,
1266,1,,1,1,,,2094.6692857143,,7743.5771428572,0,,
1267,1,1,,1,,1,1753.0407142857,1959.8710714286,,461.3339285714,,4312.3846428572
1268,1,,,,,,491.3907142857,,,,,
1269,1,,,,,,514.055,,,,,
1270,1,,,,,,3.6582142857,,,,,
1271,2,1,1,1,,,4492.0617857143,1990.5028571429,0,0,,
1272,1,,1,,,,5786.2057142857,,5861.2089285714,,,
1273,1,,,,,,165.95,,,,,
1274,1,,6,,,,15.485,,0,,,
1275,1,,,,,,39.7917857143,,,,,
1276,1,,,,,2,13915.9253571429,,,,,1764.5892857143
1277,1,1,5,,1,,7.3610714286,3230.0964285714,0,,1.4285714286,
1278,1,1,,1,,,3964.0125,87992.2560714286,,0,,
1279,1,,,,,,3812.3167857143,,,,,
1280,1,,,,,,25191.65,,,,,
1281,1,,,,,,7241.1389285714,,,,,
1282,1,,3,,1,,12164.7792857143,,1909.8492857143,,-4.4642857143,
1283,1,,,,,,616.2014285714,,,,,
1284,1,,,,,,17.9171428571,,,,,
1285,1,,,,,,84.3035714286,,,,,
1286,1,,3,,,,5612.3525,,3567.8396428572,,,
1287,1,,,1,1,,2962.5217857143,,,0,315.0121428571,
1288,1,1,,1,1,,275.5017857143,539.5925,,0,9.5,
1289,1,3,4,,,,1904.9267857143,7925.1489285714,0,,,
1290,1,,,1,,,17862.9192857143,,,335.5207142857,,
1291,1,1,3,1,,,1728.6575,5836.7907142857,36624.9482142857,0,,
1292,1,,,,,,244.8164285714,,,,,
1293,1,1,,1,,,465.5467857143,257.125,,0,,
1294,1,,,1,,,980.1721428571,,,0,,
1295,1,,,1,1,1,1651.1428571429,,,901.6160714286,216.9971428571,301.5546428571
1296,1,,,,,1,82.895,,,,,3237.48
1297,1,,,,,,14.6460714286,,,,,
1298,3,,,,,1,40.6971428571,,,,,639.8746428571
1299,1,,,,,,1725.3710714286,,,,,
1300,1,,,1,,,0,,,0,,
1301,1,,,1,,,603.4128571429,,,93.6035714286,,
1302,1,1,,,,,35.8346428571,1888.0625,,,,
1303,1,,,,,,24326.445,,,,,
1304,1,,,1,,,4963.1210714286,,,0,,
1305,1,,,1,,,73.5664285714,,,0,,
1306,1,,,,,,253.2121428571,,,,,
1307,1,,,1,,,0.0128571429,,,0,,
1308,1,,,,,,12.6128571429,,,,,
1309,1,,,,,,0.0403571429,,,,,
1310,1,,,,,,4018.2067857143,,,,,
1311,1,,,,,,155.6346428571,,,,,
1312,3,,,,,,11295.4571428571,,,,,
1313,1,,,,,,1041.4446428572,,,,,
1314,1,,,1,,,3404.6553571429,,,0,,
1315,1,,,1,1,1,2926.4828571429,,,289.6335714286,0.7142857143,2475.7928571429
1316,1,1,,1,1,,2145.81,5861.0046428572,,0,43.3214285714,
1317,1,,,,,,435.1732142857,,,,,
1318,1,,,,,,3547.1307142857,,,,,
1319,1,,,,,,232.7953571429,,,,,
1320,1,,,1,,,395.2632142857,,,573.0067857143,,
1321,1,,,,,,25.1953571429,,,,,
1322,1,,2,1,,,454.6960714286,,0,93.7267857143,,
1323,1,,,,,,325.3625,,,,,
1324,1,1,2,,,,16287.6278571429,0,11404.1453571429,,,
1325,1,1,,,,,14561.7403571429,9648.3657142857,,,,
1326,1,,,,,,2174.4875,,,,,
1327,1,,,,,,7733.0492857143,,,,,
1328,1,,7,,,,505.8885714286,,0,,,
1329,1,,45,,,,715.9089285714,,90062.9460714286,,,
1330,1,1,,,,,5264.3267857143,118932.763928571,,,,
1331,1,,,,,,1091.6975,,,,,
1332,1,,,1,,,0,,,516.2825,,
1333,1,,,,,1,15106.0975,,,,,1113.3182142857
1334,1,1,,,1,,11.1835714286,204.4207142857,,,1.8928571429,
1335,1,,,1,,,91.2832142857,,,0,,
1336,1,,,,,,1315.715,,,,,
1337,1,1,6,,,,0,3930.255,3644.2621428572,,,
1338,1,,,,,,150.8196428571,,,,,
1339,1,,,,,,8518.8575,,,,,
1340,1,,,,,,50.7203571429,,,,,
1341,1,,,,,,5413.2992857143,,,,,
1342,1,,,1,,,14998.1110714286,,,0,,
1343,1,,,1,,1,77.9414285714,,,0,,3681.46
1344,1,,,1,,,33954.5028571429,,,0,,
1345,1,2,,,1,1,490.44,73.4625,,,158.6428571429,4250.1167857143
1346,2,,,,,,651.4214285714,,,,,
1347,1,,,1,,,11238.1775,,,118.4496428571,,
1348,1,1,3,,,,5316.2228571429,3786.695,308.8821428571,,,
1349,1,,,1,,,172.2239285714,,,0,,
1350,1,,,,,,4.2496428571,,,,,
1351,1,1,5,,,,45.9810714286,7402.6339285714,932.4157142857,,,
1352,1,,,,,,2228.3939285714,,,,,
1353,1,,,,1,,1257.3753571429,,,,30.0660714286,
1354,1,,,,,,21425.3114285714,,,,,
1355,1,,,,,,0.5932142857,,,,,
1356,1,,,,,,235.3210714286,,,,,
1357,1,,,,,,2.4282142857,,,,,
1358,1,1,,,,,8.2403571429,5352.2942857143,,,,
1359,1,1,,,,,6202.3578571429,1269.0867857143,,,,
1360,1,,,,1,,649.8921428571,,,,38.7857142857,
1361,1,,,,,,2869.1560714286,,,,,
1362,1,1,,,1,,21933.9714285714,42857.73,,,352.3739285714,
1363,1,,,,,,6533.8685714286,,,,,
1364,1,1,,1,,,0,4846.5364285714,,260.8635714286,,
1365,1,1,,,,,5130.7353571429,3772.0542857143,,,,
1366,1,,,1,,,47.1610714286,,,0,,
1367,1,1,,,,,0,39664.0860714286,,,,
1368,1,,,,,,49585.3017857143,,,,,
1369,1,,,1,1,,19.8628571429,,,0,611.7210714286,
1370,1,,,,1,,340.855,,,,712.2960714286,
1371,1,,,,,,758.8221428571,,,,,
1372,1,1,,,,,224.7582142857,549.0392857143,,,,
1373,1,,,,,,1162.3603571429,,,,,
1374,1,,,1,,,0.83,,,0,,
1375,1,,,,,,47.8282142857,,,,,
1376,1,,,,,1,123.9821428571,,,,,2953.8125
1377,3,,,,,,289.5892857143,,,,,
1378,1,,,1,,,247.3214285714,,,1019.0025,,
1379,1,,,,,,364.6164285714,,,,,
1380,1,,,,,,3572.45,,,,,
1381,1,,,,,,144.8714285714,,,,,
1382,1,,,1,,,428.8196428571,,,0,,
1383,1,1,6,,,,199.8210714286,2582.3292857143,0,,,
1384,1,1,,1,1,,8270.0664285714,237.1489285714,,713.1942857143,479.3607142857,
1385,1,1,,1,,,222.8617857143,9141.175,,680.8517857143,,
1386,1,1,,,,,74.6821428571,27918.0453571429,,,,
1387,1,,,1,,1,853.3428571429,,,0,,11462.7203571429
1388,1,1,,1,,,463.3807142857,5370.5092857143,,0,,
1389,1,,,,,,10944.8360714286,,,,,
1390,1,,,,,,13.5425,,,,,
1391,1,,,,,,2221.3028571429,,,,,
1392,1,1,3,,,,10.7142857143,1726.8857142857,0,,,
1393,1,,,,,,142.8628571429,,,,,
1394,1,,,,,,37.47,,,,,
1395,1,,,,,,926.2092857143,,,,,
1396,1,1,3,1,,,4.7046428571,26270.4103571429,9335.0857142857,0,,
1397,1,,,,,,2.6232142857,,,,,
1398,1,,3,,,,0,,0,,,
1399,1,,1,,1,1,0,,0,,301.1157142857,5921.9678571429
1400,1,,,,,,252.7957142857,,,,,
1401,1,1,,,,,881.6421428571,1430.1460714286,,,,
1402,1,,,,,,6.3078571429,,,,,
1403,1,1,8,,,,4444.185,27030.2657142857,0,,,
1404,1,,,,,,133.4310714286,,,,,
1405,1,,,,,,10056.7460714286,,,,,
1406,1,,,,,,55383.7978571429,,,,,
1407,1,,,,,,334.8167857143,,,,,
1408,1,1,1,,,,31792.1007142857,12620.79,0,,,
1409,1,,,1,,,62.5392857143,,,0,,
1410,2,1,,,,,47767.9635714286,20635.0446428571,,,,
1411,1,,1,,,,2223.1285714286,,11342.5457142857,,,
1412,1,,,,1,,5.2571428571,,,,536.6857142857,
1413,1,1,,,,,237.2960714286,56187.4339285714,,,,
1414,1,1,,,,,171575.889642857,7309.1682142857,,,,
1415,1,1,1,,,,6512.0735714286,18677.3996428571,501.0785714286,,,
1416,1,,,1,1,,840.7164285714,,,301.7503571429,0.7142857143,
1417,1,1,,,,,633.5125,2632.4453571429,,,,
1418,1,,,,,,1463.9989285714,,,,,
1419,1,1,,1,,,3499.6196428572,35787.1057142857,,331.2139285714,,
1420,1,,,,,,272.3878571429,,,,,
1421,1,,,1,,,7480.1046428572,,,428.8139285714,,
1422,1,1,,,,,2612.4946428572,880.0571428571,,,,
1423,1,,,,,,443.8607142857,,,,,
1424,1,,6,,,,604.7014285714,,1866.0714285714,,,
1425,1,,4,1,,,645.7096428571,,10888.2567857143,0,,
1426,1,,,,,,61.3575,,,,,
1427,1,1,,,,,6.5521428571,19861.2,,,,
1428,1,,,,,,8894.7182142857,,,,,
1429,1,,,1,1,1,0,,,0,1767.7853571429,1621.4217857143
1430,1,,,1,,,3016.4310714286,,,712.4285714286,,
1431,1,,,,,,1046.3171428572,,,,,
1432,1,,,,,,273.3278571429,,,,,
1433,1,,,,,,73.8521428571,,,,,
1434,2,3,,,,,13808.4728571429,10698.8132142857,,,,
1435,1,,,1,,,874.1217857143,,,0,,
1436,1,1,6,,,,1453.9053571429,2331.7110714286,4075,,,
1437,1,,,,,,323.1082142857,,,,,
1438,1,,,,,,753.5307142857,,,,,
1439,1,,,,,,9137.4878571429,,,,,
1440,1,,,1,,,1380.6664285714,,,152.2775,,
1441,1,,,,,,116.2875,,,,,
1442,1,,,1,,,0.0003571429,,,0,,
1443,1,,,1,,1,2159.6539285714,,,0,,9107.1428571429
1444,1,,,,,,2645.34,,,,,
1445,1,1,,1,,,6081.0039285714,6453.4589285714,,0,,
1446,1,,,,,,323.6457142857,,,,,
1447,1,,,1,,1,13.2785714286,,,0,,5083.0014285714
1448,1,,,,,,587.2010714286,,,,,
1449,1,1,,,,,2053.0132142857,3920.5407142857,,,,
1450,1,,,,,,83.7221428571,,,,,
1451,1,,,,,,1877.0682142857,,,,,
1452,1,,,,,,6772.4714285714,,,,,
1453,1,,,1,,,3702.84,,,339.5896428571,,
1454,1,,,,,,0,,,,,
1455,1,1,1,1,,,42.8571428571,0,0,0,,
1456,1,1,,,,,0,0,,,,
1457,1,,,,,,2928.8153571429,,,,,
1458,1,,,,,1,717.5417857143,,,,,6734.9967857143
1459,1,,,1,,,9165.92,,,702.9003571429,,
1460,1,,,,,1,2891.6785714286,,,,,881.3278571429
1461,1,,,1,,,38.3035714286,,,0,,
1462,1,,,,,,893.9132142857,,,,,
1463,1,,,,,,1041.2992857143,,,,,
1464,1,,,1,,,1780.7525,,,1670.2807142857,,
1465,1,,,,,,17.0564285714,,,,,
1466,1,,,1,,,21.6275,,,0,,
1467,2,1,,1,,,5013.7760714286,6003.5153571429,,1568.8796428572,,
1468,1,,,1,,,178.5714285714,,,0,,
1469,1,1,4,,,,32.5435714286,9686.6310714286,0,,,
1470,2,1,,1,,,0,3250.7539285714,,0,,
1471,1,,,1,,,4428.7257142857,,,0,,
1472,1,,,,,,7.1428571429,,,,,
1473,1,1,,,1,1,29.0242857143,14447.8014285714,,,653.91,1132.5903571429
1474,1,1,1,,,,4654.8692857143,6059.2317857143,0,,,
1475,1,,,,,,388.8267857143,,,,,
1476,1,,11,,,,1138.5303571429,,24442.2421428571,,,
1477,1,3,,1,,,1183.0539285714,212.6289285714,,113.845,,
1478,1,,5,,,,513.1835714286,,3773.3392857143,,,
1479,1,,,,,,472.3660714286,,,,,
1480,1,,,,,,235.3232142857,,,,,
1481,1,,,1,,,6236.1421428572,,,0,,
1482,1,,,,,,14.4821428571,,,,,
1483,1,,,,,,856.2492857143,,,,,
1484,1,,,,,,0,,,,,
1485,1,1,1,,,,180.7721428571,5295.0967857143,0,,,
1486,1,,,,,,2373.6896428572,,,,,
1487,1,1,,,,,8193.2060714286,58108.2585714286,,,,
1488,1,,,,,1,0,,,,,3420.8453571429
1489,1,,,,,,6168.9596428572,,,,,
1490,1,1,,1,1,,70.7071428571,0,,0,888.4632142857,
1491,1,,,1,,,15886.9117857143,,,0,,
1492,1,,2,,,,6.0578571429,,9021.2510714286,,,
1493,1,,,,,,9493.4025,,,,,
1494,1,,,1,1,,88.2696428571,,,0,1202.7203571429,
1495,1,1,,,,,293.1660714286,323.3885714286,,,,
1496,1,,,,1,,3574.4046428572,,,,-8.2832142857,
1497,1,,,1,,,3.1392857143,,,0,,
1498,1,,10,,,,243.1892857143,,0,,,
1499,1,,,1,,1,0,,,127.3571428571,,12738.2553571429
1500,1,,,1,,,90.4532142857,,,0,,
1501,1,,,1,,,1270.7917857143,,,0,,
1502,1,,,1,1,,711.0532142857,,,558.3321428571,408.3689285714,
1503,1,,,1,1,,93.5828571429,,,0,816.3596428571,
1504,1,,1,1,,,249.1964285714,,0,0,,
1505,1,3,,1,1,,73.135,3287.6585714286,,490.5303571429,382.625,
1506,1,,,1,,,197.46,,,586.1757142857,,
1507,1,1,,,,,4623.9567857143,29.3732142857,,,,
1508,1,1,1,,,,2719.8421428572,2678.3492857143,1400.1835714286,,,
1509,1,1,1,,,,1026.0582142857,7650.93,308.8821428571,,,
1510,1,,,1,1,,0,,,0,1400.9185714286,
1511,1,,,1,1,1,0,,,0,551.865,971.9839285714
1512,2,,,,,,542.1221428571,,,,,
1513,1,1,6,,,,0,17859.7578571429,3732.1428571429,,,
1514,1,,,,,,31.175,,,,,
1515,1,1,1,,,,4640.9692857143,11701.81,19866.0714285714,,,
1516,1,,,,1,,1471.5392857143,,,,0,
1517,1,,,,,,53.0485714286,,,,,
1518,2,,,,,,25.4067857143,,,,,
1519,1,,,1,,,165.2125,,,1076.4303571429,,
1520,1,,,,,,18.0767857143,,,,,
1521,2,,,,,,550.2889285714,,,,,
1522,1,1,2,,1,,68.9592857143,49838.2914285714,0,,212.1153571429,
1523,1,,,,,,3248.6817857143,,,,,
1524,1,,,,,,91.4335714286,,,,,
1525,1,1,,,,,2788.4903571429,1988.2785714286,,,,
1526,1,,,,,,10518.6375,,,,,
1527,1,,,1,1,,24.7828571429,,,0,17.1785714286,
1528,1,,,,,,1032.995,,,,,
1529,1,1,,,,,742.2635714286,85471.0007142857,,,,
1530,1,,,,,,14404.7678571429,,,,,
1531,1,,2,1,,,0,,2331.3367857143,0,,
1532,1,,2,,,,883.8357142857,,0,,,
1533,1,,,,,,38.075,,,,,
1534,2,2,,,,,6300.9167857143,26708.3328571429,,,,
1535,1,1,,,1,,142.8571428571,0,,,2.3571428571,
1536,1,,,,1,,1009.0710714286,,,,2.3571428571,
1537,1,,,,,,224.2932142857,,,,,
1538,1,1,,,,,2238.2657142857,0.0103571429,,,,
1539,1,3,,1,1,,46.25,8.4807142857,,0,1.4285714286,
1540,1,,,1,,,764.3778571429,,,0,,
1541,1,,,,,,548.3846428571,,,,,
1542,1,1,,,1,,54.0375,7554.2867857143,,,0.7142857143,
1543,1,1,4,,,,0.3882142857,4679.4892857143,0,,,
1544,1,,,,,,424.2896428571,,,,,
1545,1,1,,,,,8478.0903571429,281.9692857143,,,,
1546,1,,,,,,13574.3567857143,,,,,
1547,1,,,,,,151.2867857143,,,,,
1548,1,,,1,1,,676.7689285714,,,0.6946428571,0,
1549,1,1,,,,,1161.5057142857,57906.4435714286,,,,
1550,1,,,1,,,6233.7271428572,,,0,,
1551,1,,,1,,,0,,,44.6228571429,,
1552,1,,,,,,1771.4667857143,,,,,
1553,1,,,,,,108.7642857143,,,,,
1554,1,,,,,,9641.1246428572,,,,,
1555,1,,,1,,,393.3885714286,,,0,,
1556,1,,,,1,,18.7096428571,,,,-15.4792857143,
1557,1,,2,,,,55.5546428571,,0,,,
1558,2,,,,,,347.0753571429,,,,,
1559,1,,,,,,15.7189285714,,,,,
1560,1,,5,,,,3522.7428571429,,0,,,
1561,1,1,,,,,361.4703571429,1927.5317857143,,,,
1562,1,,,,,,270.7457142857,,,,,
1563,1,,,1,,,127.6814285714,,,0,,
1564,1,,,1,,,45.0978571429,,,531.6296428571,,
1565,1,,,1,,,822.2410714286,,,0,,
1566,1,,,1,,,4024.2892857143,,,0,,
1567,1,,,,,,5.5192857143,,,,,
1568,1,,,,,,24.2142857143,,,,,
1569,1,3,32,,,,14341.9978571429,51.9575,43666.0925,,,
1570,1,,,,,,0,,,,,
1571,1,,,,,,23635.8,,,,,
1572,1,1,1,,1,,346.2367857143,0.2010714286,7251.9696428572,,1.7857142857,
1573,1,1,,1,1,,0.7410714286,2089.9389285714,,0,274.7428571429,
1574,1,,,,,,478.5435714286,,,,,
1575,1,,,,,,5204.2896428572,,,,,
1576,1,,,1,,,2155.66,,,1031.0771428572,,
1577,1,,,,,,6280.635,,,,,
1578,1,,,,,,125.0478571429,,,,,
1579,1,1,3,,,,427.1817857143,8593.7439285714,0,,,
1580,1,1,,,1,1,1773.0982142857,4105.325,,,709.0103571429,2825.505
1581,1,,1,,,,74.3667857143,,5907.5939285714,,,
1582,2,,,1,1,,2.4542857143,,,698.2592857143,2.3571428571,
1583,1,,,,,,4038.9710714286,,,,,
1584,1,,,,,,0,,,,,
1585,1,,,,,,816.0564285714,,,,,
1586,1,,,,,,0,,,,,
1587,1,,,,,,7251.7339285714,,,,,
1588,1,,,1,,,27856.0692857143,,,98.8775,,
1589,1,,1,,,,5.2803571429,,6823.5571428572,,,
1590,1,,,,,,2622.9875,,,,,
1591,1,,,1,,,154.5571428571,,,0,,
1592,3,,,,,,71.6182142857,,,,,
1593,1,1,,,,,2780.175,2650.8703571429,,,,
1594,1,,,1,,,9218.7960714286,,,248.4846428571,,
1595,1,,,,1,,356.6696428571,,,,1.4285714286,
1596,1,1,,,,,69.1692857143,7168.9607142857,,,,
1597,1,,,1,,,5844.9560714286,,,0,,
1598,1,1,,,,,1785.8610714286,20516.3653571429,,,,
1599,1,,,,,,7321.4310714286,,,,,
1600,1,1,,1,,,243.6310714286,7280.2857142857,,0,,
1601,1,1,6,,,,0.7253571429,12657.74,44575.3521428571,,,
1602,1,,,,,,4380.4757142857,,,,,
1603,4,,,,,,54.4267857143,,,,,
1604,1,,,,1,,12.4185714286,,,,149.5928571429,
1605,2,,,,,,79.1428571429,,,,,
1606,1,,,,,1,2366.5767857143,,,,,270.1967857143
1607,1,,,,,1,22887.3689285714,,,,,744.8082142857
1608,1,,,,1,1,554.1657142857,,,,1.7857142857,3728.2907142857
1609,1,,,,,,206.8721428571,,,,,
1610,1,,,1,,,196.5442857143,,,460.0775,,
1611,1,,,1,,,0,,,0,,
1612,1,,,1,,1,170.5932142857,,,0,,6250
1613,1,,,,,,676.0085714286,,,,,
1614,1,,,,,,0.0103571429,,,,,
1615,2,1,,1,,,118.9389285714,314.0471428571,,0,,
